59.99999237060547,300.0000305175781,120.00000762939453,179.64999389648438,0.6900057792663574,67.62999725341797
59.99999237060547,300.0000305175781,120.00000762939453,179.64999389648438,0.6900057792663574,67.62999725341797
60.000038146972656,299.9999694824219,119.99979400634766,179.64999389648438,0.6899932622909546,67.63005828857422
60.000274658203125,299.9998474121094,119.99930572509766,179.64996337890625,0.6899627447128296,67.63019561767578
60.00074768066406,299.9995422363281,119.99832916259766,179.64990234375,0.689907968044281,67.6304702758789
60.00141143798828,299.9992370605469,119.99687957763672,179.6498260498047,0.6898050904273987,67.630859375
60.00250244140625,299.9985656738281,119.99433898925781,179.64968872070312,0.6896429061889648,67.63157653808594
60.00349807739258,299.99798583984375,119.9921875,179.6495819091797,0.6895010471343994,67.63218688964844
60.00598907470703,299.9965515136719,119.98664855957031,179.6492919921875,0.6891368627548218,67.63371276855469
60.00794219970703,299.9954528808594,119.98224639892578,179.6490478515625,0.68885737657547,67.63494873046875
60.01262283325195,299.9927062988281,119.97183990478516,179.6484832763672,0.6881783604621887,67.63785552978516
60.01617431640625,299.9906921386719,119.96397399902344,179.64805603027344,0.6876680254936218,67.64002990722656
60.02838897705078,299.9836120605469,119.936767578125,179.6466064453125,0.6859015822410583,67.64763641357422
60.03488540649414,299.9798278808594,119.92223358154297,179.6458282470703,0.6849640607833862,67.65170288085938
60.051414489746094,299.9703063964844,119.88548278808594,179.64385986328125,0.6825658082962036,67.6619644165039
60.06209945678711,299.964111328125,119.86174011230469,179.642578125,0.6810309290885925,67.66857147216797
60.07792663574219,299.95526123046875,119.82675170898438,179.64073181152344,0.6787428855895996,67.67827606201172
60.12444305419922,299.9295959472656,119.72403717041016,179.63526916503906,0.6720804572105408,67.70660400390625
60.16274642944336,299.90875244140625,119.63958740234375,179.63079833984375,0.6665824055671692,67.7298355102539
60.24904251098633,299.862060546875,119.4497299194336,179.62075805664062,0.6542780995368958,67.78195190429688
60.43041229248047,299.7642822265625,119.0509033203125,179.59962463378906,0.6284950971603394,67.89127349853516
60.58599090576172,299.68035888671875,118.7089614868164,179.58145141601562,0.6064599752426147,67.98499298095703
60.7554817199707,299.5888977050781,118.33650970458984,179.5615997314453,0.5825375318527222,68.08708953857422
60.86054992675781,299.53204345703125,118.10572814941406,179.54925537109375,0.5677379369735718,68.15037536621094
61.05940246582031,299.4241638183594,117.66865539550781,179.5258026123047,0.5398028492927551,68.27037048339844
61.339988708496094,299.2708740234375,117.05197143554688,179.49252319335938,0.5005568861961365,68.43991088867188
61.442848205566406,299.2106018066406,116.81721496582031,179.48033142089844,0.4860600531101227,68.50479125976562
61.536746978759766,299.1475524902344,116.58487701416016,179.46922302246094,0.4725600779056549,68.5695571899414
61.679588317871094,299.0303649902344,116.18449401855469,179.45248413085938,0.4512253403663635,68.68262481689453
61.834529876708984,298.8487548828125,115.6288070678711,179.4347381591797,0.42606523633003235,68.84257507324219
61.885169982910156,298.76165771484375,115.38563537597656,179.4291229248047,0.41679272055625916,68.91382598876953
61.92398452758789,298.6712341308594,115.14665222167969,179.425048828125,0.40879586338996887,68.98456573486328
61.948490142822266,298.5882568359375,114.93780517578125,179.4226531982422,0.4027212858200073,69.04705810546875
61.975040435791016,298.4167175292969,114.54904174804688,179.4202117919922,0.3945249319076538,69.16464233398438
61.99024200439453,298.22137451171875,114.17642211914062,179.4176788330078,0.39135870337486267,69.27792358398438
62.03461456298828,297.8909912109375,113.61305236816406,179.4086151123047,0.39056453108787537,69.44759368896484
62.062583923339844,297.7425842285156,113.37646484375,179.40283203125,0.3912067711353302,69.51817321777344
62.10100173950195,297.5645446777344,113.10262298583984,179.39486694335938,0.3925677537918091,69.59941101074219
62.146705627441406,297.37469482421875,112.8207015991211,179.38536071777344,0.39464229345321655,69.68263244628906
62.2316780090332,297.0628967285156,112.3642807006836,179.3679962158203,0.398124635219574,69.81654357910156
62.287086486816406,296.8852844238281,112.09107971191406,179.3573455810547,0.39870351552963257,69.89616394042969
62.35518264770508,296.6870422363281,111.77289581298828,179.3447723388672,0.39790982007980347,69.98856353759766
62.4209098815918,296.5122375488281,111.48029327392578,179.3330841064453,0.39596477150917053,70.07319641113281
62.489688873291016,296.3414001464844,111.18050384521484,179.32127380371094,0.39268186688423157,70.15970611572266
62.557777404785156,296.1805725097656,110.8777084350586,179.31011962890625,0.3876982033252716,70.2470932006836
62.624839782714844,296.0301208496094,110.57223510742188,179.2996826171875,0.38098591566085815,70.33528137207031
62.69904708862305,295.8733215332031,110.22543334960938,179.2887725830078,0.37135088443756104,70.43547821044922
62.772071838378906,295.7295837402344,109.87521362304688,179.2787628173828,0.359527051448822,70.53671264648438
62.836238861083984,295.6075744628906,109.55526733398438,179.27040100097656,0.3474201560020447,70.62918090820312
62.899932861328125,295.48565673828125,109.22118377685547,179.2623748779297,0.33407798409461975,70.72575378417969
62.963218688964844,295.36224365234375,108.87345123291016,179.25460815429688,0.3197174370288849,70.82634735107422
63.026771545410156,295.22943115234375,108.51393127441406,179.24652099609375,0.30566078424453735,70.93034362792969
63.13868713378906,294.970947265625,107.85755157470703,179.2315216064453,0.2823457419872284,71.12037658691406
63.275604248046875,294.6121520996094,107.013916015625,179.21176147460938,0.25625714659690857,71.36485290527344
63.45708084106445,294.060791015625,105.83952331542969,179.18272399902344,0.2275385707616806,71.70527648925781
63.575531005859375,293.6458740234375,105.04154968261719,179.1614532470703,0.21399644017219543,71.93635559082031
63.643253326416016,293.3867492675781,104.57011413574219,179.1484832763672,0.2080967128276825,72.07278442382812
63.71934509277344,293.07733154296875,104.02779388427734,179.1332244873047,0.20301295816898346,72.22969055175781
63.80323791503906,292.72296142578125,103.42303466796875,179.1158447265625,0.1986924707889557,72.40462493896484
63.869075775146484,292.4344787597656,102.94160461425781,179.10177612304688,0.19623251259326935,72.5438232421875
63.977073669433594,291.9269714355469,102.11725616455078,179.07766723632812,0.19408708810806274,72.7821044921875
64.10948181152344,291.2013854980469,100.99371337890625,179.0453338623047,0.19655907154083252,73.10665893554688
64.14747619628906,290.91680908203125,100.580078125,179.03419494628906,0.2003617286682129,73.22607421875
64.17880249023438,290.6015930175781,100.14203643798828,179.0230712890625,0.20670591294765472,73.35250854492188
64.20793151855469,290.0520935058594,99.42732238769531,179.00657653808594,0.22290991246700287,73.55855560302734
64.20979309082031,289.7492980957031,99.06060028076172,178.99913024902344,0.23472049832344055,73.66409301757812
64.19573211669922,289.2635192871094,98.49339294433594,178.9892578125,0.25609147548675537,73.82626342773438
64.18203735351562,289.0125427246094,98.20695495605469,178.98500061035156,0.26792779564857483,73.9074478149414
64.14762115478516,288.5506286621094,97.6903305053711,178.9782257080078,0.29091116786003113,74.05258178710938
64.1090316772461,288.1268310546875,97.2237777709961,178.97283935546875,0.31286492943763733,74.1821060180664
64.0864028930664,287.82171630859375,96.87902069091797,178.9683074951172,0.32772406935691833,74.27706146240234
64.0637435913086,287.3886413574219,96.37474060058594,178.96063232421875,0.34711989760398865,74.4150161743164
64.05216217041016,286.9495544433594,95.84170532226562,178.95123291015625,0.3644945025444031,74.55903625488281
64.05327606201172,286.70703125,95.52803802490234,178.94505310058594,0.3721778690814972,74.64274597167969
64.05745697021484,286.47344970703125,95.21499633789062,178.9386749267578,0.37849491834640503,74.72576904296875
64.06505584716797,286.2217102050781,94.86498260498047,178.93136596679688,0.3841013014316559,74.81798553466797
64.07474517822266,286.0075988769531,94.55534362792969,178.92471313476562,0.3876895010471344,74.89906311035156
64.08914184570312,285.7776184082031,94.20812225341797,178.9170379638672,0.39013683795928955,74.98939514160156
64.10711669921875,285.55889892578125,93.86212921142578,178.9091339111328,0.39094066619873047,75.07879638671875
64.12628173828125,285.37384033203125,93.55499267578125,178.90188598632812,0.390228271484375,75.15762329101562
64.18828582763672,284.9335021972656,92.76049041748047,178.88194274902344,0.3826780617237091,75.35751342773438
64.24356842041016,284.64239501953125,92.17831420898438,178.86636352539062,0.3725166618824005,75.50049591064453
64.27407836914062,284.48095703125,91.8380126953125,178.85760498046875,0.3653970956802368,75.5830307006836
64.29995727539062,284.3199462890625,91.49251556396484,178.8494110107422,0.3579149842262268,75.66625213623047
64.3284683227539,284.13165283203125,91.0928726196289,178.8399200439453,0.34960776567459106,75.76193237304688
64.37571716308594,283.8079528808594,90.40619659423828,178.8236083984375,0.33537018299102783,75.92547607421875
64.41949462890625,283.5139465332031,89.74739074707031,178.80841064453125,0.3190915286540985,76.0811538696289
64.46345520019531,283.24951171875,89.10116577148438,178.79360961914062,0.29948678612709045,76.2314224243164
64.50822448730469,283.01202392578125,88.50143432617188,178.7788848876953,0.2800431251525879,76.36795806884766
64.53428649902344,282.8879699707031,88.18051147460938,178.7704620361328,0.26918861269950867,76.43959045410156
64.58413696289062,282.67852783203125,87.6214599609375,178.75469970703125,0.24925291538238525,76.5614013671875
64.61461639404297,282.5673522949219,87.3126449584961,178.74526977539062,0.23759475350379944,76.62665557861328
64.65966796875,282.41455078125,86.87351989746094,178.73117065429688,0.22033394873142242,76.71636199951172
64.69718933105469,282.28204345703125,86.48724365234375,178.71844482421875,0.20514437556266785,76.79149627685547
64.72510528564453,282.16558837890625,86.15596771240234,178.70736694335938,0.19299893081188202,76.85164642333984
64.73641967773438,282.11248779296875,85.98973846435547,178.70205688476562,0.18631847202777863,76.87980651855469
64.74406433105469,282.068115234375,85.83197784423828,178.69761657714844,0.17916493117809296,76.90589141845703
64.74942779541016,282.01336669921875,85.63787078857422,178.6927947998047,0.1704469919204712,76.93801879882812
64.75068664550781,281.962158203125,85.4647445678711,178.68894958496094,0.16307878494262695,76.96688842773438
64.7444839477539,281.8622741699219,85.17288970947266,178.68331909179688,0.1528780460357666,77.01610565185547
64.7368392944336,281.7986145019531,85.013427734375,178.68057250976562,0.14880229532718658,77.04328155517578
64.72804260253906,281.7286682128906,84.85043334960938,178.6776885986328,0.14541074633598328,77.0711898803711
64.71871185302734,281.6528625488281,84.68372344970703,178.6746368408203,0.1426161378622055,77.09977722167969
64.69141387939453,281.4253845214844,84.22844696044922,178.66566467285156,0.138173907995224,77.17827606201172
64.67028045654297,281.2412109375,83.8860092163086,178.65841674804688,0.1368279606103897,77.23770141601562
64.66218566894531,281.1411437988281,83.6892318725586,178.65391540527344,0.13487958908081055,77.272705078125
64.65618133544922,280.9493408203125,83.2844009399414,178.64378356933594,0.1279381960630417,77.3472671508789
64.66155242919922,280.7650146484375,82.86429595947266,178.63235473632812,0.11764256656169891,77.4273452758789
64.69390869140625,280.4551086425781,82.09011840820312,178.60940551757812,0.09246303886175156,77.58032989501953
64.72795104980469,280.2658386230469,81.57576751708984,178.59315490722656,0.07232345640659332,77.68524932861328
64.75204467773438,280.13983154296875,81.23408508300781,178.5822296142578,0.058770716190338135,77.75624084472656
64.78431701660156,279.9365539550781,80.70499420166016,178.56576538085938,0.0389656201004982,77.86739349365234
64.80174255371094,279.70135498046875,80.16699981689453,178.55006408691406,0.023619964718818665,77.98069763183594
64.80040740966797,279.4652404785156,79.67567443847656,178.53732299804688,0.0133417509496212,78.08406829833984
64.79228973388672,279.3403015136719,79.43341064453125,178.5317840576172,0.009785176254808903,78.13495635986328
64.76422882080078,279.1187744140625,79.040283203125,178.52420043945312,0.007348916027694941,78.21751403808594
64.73955535888672,278.9880065917969,78.83160400390625,178.5210723876953,0.008478935807943344,78.2613525390625
64.70885467529297,278.8545837402344,78.63426208496094,178.51885986328125,0.011274884454905987,78.30280303955078
64.67361450195312,278.7215576171875,78.44622802734375,178.517333984375,0.01505372580140829,78.34217834472656
64.63572692871094,278.587890625,78.26239013671875,178.51617431640625,0.019457058981060982,78.38070678710938
64.59680938720703,278.4505310058594,78.07684326171875,178.51507568359375,0.024328133091330528,78.41966247558594
64.54651641845703,278.273193359375,77.84210968017578,178.51373291015625,0.0310965646058321,78.4691162109375
64.49961853027344,278.108154296875,77.6280746459961,178.51255798339844,0.03786212205886841,78.51431274414062
64.4571304321289,277.9568786621094,77.4349594116211,178.511474609375,0.04435928910970688,78.55516052246094
64.41693115234375,277.7980041503906,77.2327880859375,178.5095977783203,0.051190346479415894,78.59782409667969
64.32966613769531,277.3779296875,76.70198822021484,178.50137329101562,0.06952713429927826,78.7093734741211
64.2999267578125,277.2036437988281,76.48432922363281,178.4967803955078,0.07733920961618423,78.75499725341797
64.2732162475586,277.0257568359375,76.26365661621094,178.49147033691406,0.08544427901506424,78.80115509033203
64.22862243652344,276.6592712402344,75.81326293945312,178.47866821289062,0.10248550027608871,78.89519500732422
64.21068572998047,276.4705505371094,75.5835189819336,178.47116088867188,0.11144725978374481,78.94307708740234
64.19306182861328,276.279052734375,75.3511962890625,178.46340942382812,0.12064707279205322,78.99153137207031
64.17203521728516,276.0857849121094,75.11705780029297,178.45603942871094,0.13000857830047607,79.04052734375
64.09524536132812,275.58172607421875,74.51642608642578,178.4403533935547,0.15563930571079254,79.16719818115234
64.05313110351562,275.3939208984375,74.29961395263672,178.43678283691406,0.16600090265274048,79.21350860595703
63.89842987060547,274.87371826171875,73.71444702148438,178.43360900878906,0.19644008576869965,79.34000396728516
63.77369689941406,274.5435791015625,73.34910583496094,178.4362335205078,0.21650385856628418,79.42008209228516
63.68608856201172,274.33624267578125,73.116455078125,178.43939208984375,0.22883783280849457,79.4714126586914
63.54203796386719,274.0348815917969,72.7643051147461,178.446533203125,0.2455468475818634,79.5496597290039
63.39824295043945,273.763427734375,72.42158508300781,178.454833984375,0.2582445740699768,79.62605285644531
63.32343673706055,273.6223449707031,72.22799682617188,178.45887756347656,0.2633177936077118,79.66902923583984
63.191856384277344,273.3709411621094,71.8449478149414,178.46507263183594,0.26867201924324036,79.75357818603516
63.053794860839844,273.095703125,71.34823608398438,178.46923828125,0.2670772671699524,79.86224365234375
62.977561950683594,272.9306640625,71.01781463623047,178.46987915039062,0.26316389441490173,79.9339599609375
62.90758514404297,272.7730712890625,70.6903305053711,178.4696807861328,0.2585102915763855,80.00484466552734
62.82908630371094,272.5985107421875,70.3222427368164,178.4693603515625,0.25315889716148376,80.08458709716797
62.789146423339844,272.5128173828125,70.14131164550781,178.46939086914062,0.2506154775619507,80.1239242553711
62.74892807006836,272.42950439453125,69.96283721923828,178.4695281982422,0.2480107843875885,80.16282653808594
62.70896530151367,272.3515930175781,69.7879409790039,178.46983337402344,0.2449040412902832,80.20105743408203
62.669189453125,272.27874755859375,69.61666870117188,178.4702911376953,0.24137750267982483,80.23861694335938
62.62839126586914,272.204833984375,69.45050811767578,178.47093200683594,0.23861509561538696,80.27526092529297
62.554908752441406,272.0704650878906,69.1756591796875,178.4725341796875,0.2363533079624176,80.33634948730469
62.5015754699707,271.9727478027344,68.99270629882812,178.47398376464844,0.23646070063114166,80.3772964477539
62.41899490356445,271.8098449707031,68.73064422607422,178.47622680664062,0.24064016342163086,80.43624877929688
62.37245178222656,271.7120056152344,68.59131622314453,178.47744750976562,0.24490387737751007,80.46760559082031
62.23755645751953,271.40948486328125,68.20356750488281,178.480712890625,0.26239249110221863,80.55452728271484
62.18407440185547,271.2844543457031,68.04598236083984,178.4817352294922,0.26998141407966614,80.58958435058594
62.091060638427734,271.0644226074219,67.75707244873047,178.48309326171875,0.28233903646469116,80.65340423583984
62.0333251953125,270.9317626953125,67.56034088134766,178.48355102539062,0.2878629267215729,80.69650268554688
61.94846725463867,270.7466125488281,67.23577880859375,178.48358154296875,0.29120954871177673,80.76699829101562
61.90498352050781,270.6513671875,67.04045104980469,178.48281860351562,0.29041704535484314,80.80900573730469
61.8394660949707,270.49639892578125,66.6800537109375,178.47959899902344,0.28525015711784363,80.8857192993164
61.80924606323242,270.4169921875,66.46864318847656,178.47665405273438,0.28016743063926697,80.93030548095703
61.7713508605957,270.2988586425781,66.10027313232422,178.46963500976562,0.2675729990005493,81.00735473632812
61.74705123901367,270.1859130859375,65.68438720703125,178.45916748046875,0.24959933757781982,81.09358215332031
61.735958099365234,270.07012939453125,65.24788665771484,178.44583129882812,0.2299734652042389,81.18370819091797
61.736690521240234,270.0143127441406,65.04235076904297,178.4385223388672,0.2209075689315796,81.22595977783203
61.76774597167969,269.8647766113281,64.52711486816406,178.41500854492188,0.19967485964298248,81.3309326171875
61.81625747680664,269.7599792480469,64.18499755859375,178.39453125,0.1867412030696869,81.39969635009766
61.89080047607422,269.6421813964844,63.817779541015625,178.36849975585938,0.17420682311058044,81.47277069091797
61.93851089477539,269.5758972167969,63.621253967285156,178.35311889648438,0.16830319166183472,81.51158905029297
62.01771926879883,269.47454833984375,63.330162048339844,178.32867431640625,0.16053974628448486,81.56880187988281
62.09390640258789,269.3815002441406,63.05839538574219,178.30538940429688,0.15361477434635162,81.62220764160156
62.13575744628906,269.33233642578125,62.911746978759766,178.2926788330078,0.15001122653484344,81.65100860595703
62.17668914794922,269.28802490234375,62.77212905883789,178.2803955078125,0.14636075496673584,81.67839813232422
62.217811584472656,269.25115966796875,62.639793395996094,178.2684783935547,0.14222733676433563,81.704345703125
62.264556884765625,269.2154541015625,62.49263381958008,178.25518798828125,0.13680315017700195,81.73323059082031
62.308109283447266,269.18487548828125,62.3454704284668,178.24261474609375,0.1305307149887085,81.76223754882812
62.343223571777344,269.1578674316406,62.21245574951172,178.2319793701172,0.12474512308835983,81.78860473632812
62.37397384643555,269.1279296875,62.07354736328125,178.2218780517578,0.11897746473550797,81.81636047363281
62.41526412963867,269.0676574707031,61.81620788574219,178.20565795898438,0.10914366692304611,81.86831665039062
62.43362808227539,268.9965515136719,61.54802703857422,178.19271850585938,0.10031154751777649,81.92327880859375
62.43730163574219,268.90093994140625,61.2484245300293,178.1806640625,0.09311704337596893,81.9852294921875
62.43378829956055,268.8408508300781,61.08320999145508,178.1748046875,0.09038137644529343,82.0195083618164
62.42483139038086,268.7642822265625,60.8923454284668,178.16860961914062,0.08840008825063705,82.05929565429688
62.41215896606445,268.6868896484375,60.71766662597656,178.1634979248047,0.0878802016377449,82.09573364257812
62.395111083984375,268.60076904296875,60.53836441040039,178.15869140625,0.08846727758646011,82.13323974609375
62.35465621948242,268.429443359375,60.213905334472656,178.151123046875,0.09218418598175049,82.20127868652344
62.31904220581055,268.29486083984375,59.97959899902344,178.14642333984375,0.09670279920101166,82.25050354003906
62.28374481201172,268.1679382324219,59.769065856933594,178.14254760742188,0.10180273652076721,82.29473114013672
62.2518310546875,268.05230712890625,59.58108901977539,178.13912963867188,0.10668882727622986,82.33415985107422
62.21886444091797,267.931640625,59.38887405395508,178.1355438232422,0.11205528676509857,82.37446594238281
62.15929412841797,267.71307373046875,59.04127883911133,178.12893676757812,0.12177308648824692,82.4471435546875
62.097774505615234,267.4882507324219,58.68054962158203,178.121826171875,0.13148503005504608,82.5224609375
62.03433609008789,267.257080078125,58.30675506591797,178.11428833007812,0.14118875563144684,82.60038757324219
61.99250411987305,267.1050109863281,58.059513092041016,178.10916137695312,0.14743389189243317,82.65187072753906
61.95464324951172,266.96759033203125,57.83514404296875,178.10446166992188,0.15297411382198334,82.69853210449219
61.91597366333008,266.8280334472656,57.606571197509766,178.09963989257812,0.15853892266750336,82.7460708618164
61.87613296508789,266.6872863769531,57.374061584472656,178.09483337402344,0.16396145522594452,82.79447174072266
61.79860305786133,266.4383239746094,56.956993103027344,178.08726501464844,0.17294345796108246,82.881591796875
61.70871353149414,266.1852722167969,56.53470230102539,178.08148193359375,0.1821533888578415,82.97032165527344
61.603057861328125,265.92095947265625,56.101741790771484,178.0775146484375,0.19253554940223694,83.06182098388672
61.53461837768555,265.77081298828125,55.856937408447266,178.07659912109375,0.19860927760601044,83.11389923095703
61.42085266113281,265.5487976074219,55.4973258972168,178.0771942138672,0.20795604586601257,83.19091033935547
61.35245132446289,265.426513671875,55.30194854736328,178.07847595214844,0.21343475580215454,83.23297882080078
61.28155517578125,265.30755615234375,55.11381912231445,178.08041381835938,0.21903900802135468,83.27366638183594
61.2081184387207,265.19189453125,54.93304443359375,178.08299255371094,0.22475533187389374,83.31299591064453
61.07379150390625,264.9974060058594,54.63410186767578,178.089111328125,0.23503492772579193,83.37842559814453
60.97330856323242,264.8647155761719,54.4342155456543,178.09471130371094,0.24258828163146973,83.42253875732422
60.8167839050293,264.6741027832031,54.14924621582031,178.1045684814453,0.25388336181640625,83.48585510253906
60.73194885253906,264.574462890625,53.99576187133789,178.11001586914062,0.2594486176967621,83.51991271972656
60.64665985107422,264.47650146484375,53.840301513671875,178.1154327392578,0.26462870836257935,83.55435180664062
60.56099319458008,264.38006591796875,53.683013916015625,178.12086486816406,0.269383043050766,83.58915710449219
60.464141845703125,264.2735595703125,53.50379180908203,178.12696838378906,0.27423936128616333,83.62874603271484
60.3133430480957,264.1112976074219,53.22003936767578,178.13624572753906,0.28086763620376587,83.69126892089844
60.22154998779297,264.0079650878906,53.03449249267578,178.14125061035156,0.2846797704696655,83.7319107055664
60.13557052612305,263.906005859375,52.84689712524414,178.14527893066406,0.2880595624446869,83.77278137207031
60.063907623291016,263.8155822753906,52.677127838134766,178.14794921875,0.29079219698905945,83.80960083007812
59.99752426147461,263.7221374511719,52.501956939697266,178.1494598388672,0.2936038076877594,83.84736633300781
59.89672088623047,263.5567626953125,52.19099807739258,178.14930725097656,0.29861676692962646,83.91381072998047
59.81623077392578,263.3896484375,51.88243103027344,178.14578247070312,0.30417466163635254,83.97917938232422
59.74736785888672,263.20184326171875,51.53926086425781,178.13833618164062,0.31076914072036743,84.05126953125
59.70464324951172,263.0296630859375,51.22754669189453,178.128173828125,0.31713253259658813,84.11624908447266
59.6894416809082,262.9385070800781,51.06515884399414,178.12164306640625,0.3208064138889313,84.14990997314453
59.676429748535156,262.8494873046875,50.90585708618164,178.1149444580078,0.32442107796669006,84.18289184570312
59.655696868896484,262.70098876953125,50.63499450683594,178.10330200195312,0.3303281366825104,84.23899841308594
59.63728332519531,262.560546875,50.37260055541992,178.09178161621094,0.33576536178588867,84.29338073730469
59.62636947631836,262.4802551269531,50.222171783447266,178.08526611328125,0.3389216959476471,84.32464599609375
59.603546142578125,262.3265686035156,49.93973159790039,178.07339477539062,0.3454631268978119,84.38349151611328
59.58834457397461,262.2325439453125,49.77012634277344,178.0665283203125,0.34975680708885193,84.41889190673828
59.573333740234375,262.1485290527344,49.61896896362305,178.0606689453125,0.35366207361221313,84.45054626464844
59.556793212890625,262.0644836425781,49.46718215942383,178.0550994873047,0.3575786054134369,84.4823989868164
59.5253791809082,261.9195251464844,49.20061492919922,178.04583740234375,0.3639472723007202,84.53860473632812
59.491600036621094,261.77764892578125,48.93267822265625,178.03707885742188,0.36962857842445374,84.5953140258789
59.436458587646484,261.57073974609375,48.528465270996094,178.02490234375,0.37680312991142273,84.68132019042969
59.397212982177734,261.43658447265625,48.25634765625,178.0172576904297,0.3806703984737396,84.73949432373047
59.35929870605469,261.30584716796875,47.97890853881836,178.0092315673828,0.3835611939430237,84.79877471923828
59.33832931518555,261.2341613769531,47.81979751586914,178.00454711914062,0.3846627175807953,84.83273315429688
59.30366516113281,261.1131896972656,47.549163818359375,177.99636840820312,0.38652563095092773,84.8904037475586
59.269412994384766,260.990234375,47.271949768066406,177.98770141601562,0.38859307765960693,84.94939422607422
59.250362396240234,260.91961669921875,47.11201095581055,177.98251342773438,0.38986828923225403,84.98336029052734
59.23432159423828,260.85888671875,46.97372817993164,177.97793579101562,0.39102622866630554,85.01268768310547
59.21924591064453,260.7998352050781,46.838836669921875,177.9733428955078,0.39224469661712646,85.0412826538086
59.183990478515625,260.65350341796875,46.50239181518555,177.96128845214844,0.39560386538505554,85.1124267578125
59.16242599487305,260.5640563964844,46.29644775390625,177.95379638671875,0.39799973368644714,85.15597534179688
59.15064239501953,260.5159912109375,46.18519592285156,177.9497528076172,0.3993911147117615,85.17948150634766
59.13580322265625,260.4590148925781,46.04888916015625,177.94485473632812,0.40078675746917725,85.20831298828125
59.121849060058594,260.4103088378906,45.92817687988281,177.94070434570312,0.4017181694507599,85.23388671875
59.09752655029297,260.34033203125,45.741966247558594,177.93478393554688,0.40226492285728455,85.27351379394531
59.08042907714844,260.30438232421875,45.633243560791016,177.93186950683594,0.4017114043235779,85.29680633544922
59.060791015625,260.271484375,45.52256774902344,177.92933654785156,0.40049776434898376,85.32061767578125
59.038578033447266,260.2415466308594,45.40996170043945,177.9271697998047,0.39861902594566345,85.3449935913086
58.993492126464844,260.1965637207031,45.20863723754883,177.92433166503906,0.3937305808067322,85.3887939453125
58.90889358520508,260.1357727050781,44.87440872192383,177.92144775390625,0.38307487964630127,85.46205139160156
58.87423324584961,260.1167907714844,44.74922180175781,177.9209442138672,0.3784094452857971,85.48961639404297
58.836360931396484,260.09661865234375,44.62294387817383,177.92088317871094,0.37398675084114075,85.51752471923828
58.795345306396484,260.07427978515625,44.4968376159668,177.9213409423828,0.3700482249259949,85.54553985595703
58.751529693603516,260.0491943359375,44.37234115600586,177.92225646972656,0.36684682965278625,85.57332611083984
58.70658874511719,260.020751953125,44.252010345458984,177.9235382080078,0.36463651061058044,85.60028839111328
58.66054153442383,259.9888000488281,44.136070251464844,177.9251251220703,0.36347487568855286,85.62639617919922
58.61343002319336,259.9532165527344,44.02450942993164,177.9270477294922,0.36334702372550964,85.65161895751953
58.55916213989258,259.90911865234375,43.90421676635742,177.92958068847656,0.36444908380508423,85.67898559570312
58.503536224365234,259.860595703125,43.789485931396484,177.93255615234375,0.3668557405471802,85.70523834228516
58.421173095703125,259.7776184082031,43.61665344238281,177.93658447265625,0.3726700246334076,85.74456024169922
58.3511962890625,259.6872253417969,43.444889068603516,177.93836975097656,0.38034993410110474,85.78279113769531
58.31785583496094,259.6360778808594,43.34758377075195,177.93829345703125,0.3848324716091156,85.8040771484375
58.27239227294922,259.5516052246094,43.174434661865234,177.93589782714844,0.39172619581222534,85.84111785888672
58.24092483520508,259.46466064453125,42.97589111328125,177.92979431152344,0.3976852595806122,85.8824462890625
58.23055648803711,259.4140319824219,42.84996032714844,177.92434692382812,0.40057796239852905,85.90814208984375
58.22667694091797,259.36993408203125,42.733795166015625,177.91839599609375,0.4027298092842102,85.93153381347656
58.2269401550293,259.326904296875,42.61466598510742,177.91159057617188,0.40449222922325134,85.95529174804688
58.23396682739258,259.25347900390625,42.402069091796875,177.8983917236328,0.40695658326148987,85.99734497070312
58.2383918762207,259.1806945800781,42.19305419921875,177.88575744628906,0.4094383716583252,86.03887176513672
58.238826751708984,259.13916015625,42.07590866088867,177.87901306152344,0.41095513105392456,86.06224060058594
58.23570251464844,259.06158447265625,41.86077880859375,177.8672332763672,0.4139452874660492,86.10541534423828
58.23126220703125,259.0150451660156,41.73453140258789,177.8607177734375,0.41584762930870056,86.13091278076172
58.225276947021484,258.9739990234375,41.623924255371094,177.85536193847656,0.4175632894039154,86.15338134765625
58.216094970703125,258.9331359863281,41.514198303222656,177.85060119628906,0.4192667305469513,86.1759033203125
58.20397186279297,258.8919372558594,41.40568542480469,177.8463592529297,0.4210820496082306,86.19837188720703
58.17737579345703,258.8183898925781,41.21713638305664,177.8398895263672,0.424568772315979,86.23780059814453
58.146541595458984,258.7428283691406,41.02745819091797,177.83401489257812,0.4283353090286255,86.27782440185547
58.1270866394043,258.6988220214844,40.91844940185547,177.83091735839844,0.4306058883666992,86.30095672607422
58.08116912841797,258.6031188964844,40.68556594848633,177.82498168945312,0.43572479486465454,86.35079193115234
58.038055419921875,258.52447509765625,40.49174118041992,177.8208770751953,0.43974828720092773,86.3926773071289
58.010284423828125,258.4817199707031,40.380672454833984,177.81907653808594,0.44160452485084534,86.41692352294922
57.95589065551758,258.4113464355469,40.186134338378906,177.81692504882812,0.443945050239563,86.45987701416016
57.89242172241211,258.3489685058594,39.99028778076172,177.8164520263672,0.4446507692337036,86.50377655029297
57.851924896240234,258.3171691894531,39.87771987915039,177.8169403076172,0.44424766302108765,86.52932739257812
57.765769958496094,258.2613525390625,39.65325164794922,177.81900024414062,0.4419761598110199,86.58068084716797
57.715614318847656,258.2337951660156,39.52817153930664,177.82054138183594,0.44001033902168274,86.60943603515625
57.67131042480469,258.2096252441406,39.41691970825195,177.8218994140625,0.43825244903564453,86.63489532470703
57.62729263305664,258.1852722167969,39.305660247802734,177.82315063476562,0.4365372061729431,86.6602783203125
57.5841178894043,258.15972900390625,39.1948127746582,177.82427978515625,0.43511268496513367,86.68548583984375
57.542144775390625,258.1318359375,39.0836181640625,177.8251190185547,0.4341537654399872,86.71057891845703
57.50154495239258,258.1015319824219,38.97197723388672,177.82565307617188,0.4336569607257843,86.73562622070312
57.46227264404297,258.06884765625,38.859962463378906,177.8258819580078,0.4336128532886505,86.76061248779297
57.38325881958008,257.991455078125,38.62040328979492,177.82540893554688,0.4350791871547699,86.81348419189453
57.31993103027344,257.91912841796875,38.4188232421875,177.82431030273438,0.437802791595459,86.85762786865234
57.25739288330078,257.83642578125,38.21501922607422,177.82281494140625,0.4426068663597107,86.90213012695312
57.19808578491211,257.7447204589844,38.0110969543457,177.82058715820312,0.44935303926467896,86.94649505615234
57.166908264160156,257.69305419921875,37.89484405517578,177.81887817382812,0.45314347743988037,86.9717025756836
57.13673782348633,257.6445617675781,37.77939987182617,177.81712341308594,0.4564031660556793,86.99677276611328
57.10017776489258,257.5887756347656,37.636470794677734,177.8148651123047,0.4596550464630127,87.02793884277344
57.06486129760742,257.5384521484375,37.495033264160156,177.8125762939453,0.46196961402893066,87.05891418457031
57.02008056640625,257.47564697265625,37.29978561401367,177.80886840820312,0.4639998972415924,87.10166931152344
56.99985122680664,257.4421691894531,37.190223693847656,177.80596923828125,0.46488988399505615,87.12542724609375
56.98534393310547,257.4106140136719,37.08393096923828,177.8022918701172,0.4656563103199005,87.14818572998047
56.975929260253906,257.38165283203125,36.979400634765625,177.79788208007812,0.4660613238811493,87.1702651977539
56.97077560424805,257.3526611328125,36.862876892089844,177.79208374023438,0.4659118056297302,87.19456481933594
56.97388458251953,257.30853271484375,36.670692443847656,177.7805633544922,0.46504053473472595,87.23384094238281
56.98116683959961,257.2795104980469,36.55623245239258,177.77272033691406,0.4651165306568146,87.25682067871094
56.990516662597656,257.25177001953125,36.45420837402344,177.76519775390625,0.4655909538269043,87.2770767211914
57.0041618347168,257.19744873046875,36.278438568115234,177.7524871826172,0.4678795039653778,87.31194305419922
57.00940704345703,257.1628723144531,36.180389404296875,177.74569702148438,0.47008979320526123,87.33142852783203
57.00938415527344,257.0629577636719,35.930519104003906,177.73028564453125,0.47833043336868286,87.38162231445312
57.00083923339844,257.0233154296875,35.837684631347656,177.7259521484375,0.4819559156894684,87.4007339477539
56.98305130004883,256.9728088378906,35.72349166870117,177.7217559814453,0.4867906868457794,87.4246597290039
56.96320343017578,256.9315490722656,35.63362503051758,177.7194061279297,0.49092167615890503,87.44381713867188
56.90629577636719,256.8597412109375,35.469451904296875,177.71868896484375,0.4977739453315735,87.4802017211914
56.865638732910156,256.82720947265625,35.383445739746094,177.7202606201172,0.5003007650375366,87.50009155273438
56.784873962402344,256.781005859375,35.23473358154297,177.72503662109375,0.502507746219635,87.53540802001953
56.73623275756836,256.76123046875,35.14896011352539,177.7283172607422,0.5022931694984436,87.55611419677734
56.68709945678711,256.7461242675781,35.06317138671875,177.73175048828125,0.5010883212089539,87.57698822021484
56.62604904174805,256.7333679199219,34.95632553100586,177.73617553710938,0.49830809235572815,87.6031265258789
56.5355339050293,256.72705078125,34.796722412109375,177.74295043945312,0.4914652407169342,87.6424789428711
56.488975524902344,256.7294006347656,34.71022415161133,177.7462921142578,0.48656561970710754,87.66374969482422
56.41259765625,256.7420959472656,34.55358123779297,177.75103759765625,0.4760580062866211,87.70187377929688
56.318115234375,256.76922607421875,34.31938171386719,177.75474548339844,0.45895692706108093,87.75749969482422
56.28339767456055,256.7790222167969,34.210784912109375,177.75473022460938,0.45174166560173035,87.78253173828125
56.253570556640625,256.7871398925781,34.10021209716797,177.753662109375,0.4448668658733368,87.80756378173828
56.20118713378906,256.7977294921875,33.822269439697266,177.74668884277344,0.42997273802757263,87.8685531616211
56.18180847167969,256.7818298339844,33.632301330566406,177.73854064941406,0.424834668636322,87.90873718261719
56.1746826171875,256.76422119140625,33.53346252441406,177.7335968017578,0.4241234362125397,87.92936706542969
56.16218566894531,256.7197265625,33.365665435791016,177.72508239746094,0.4258967936038971,87.96432495117188
56.14875030517578,256.6528015136719,33.19318771362305,177.71607971191406,0.4320608675479889,88.00020599365234
56.13264465332031,256.570556640625,33.0294189453125,177.70782470703125,0.4417610466480255,88.03443908691406
56.12198257446289,256.52337646484375,32.945823669433594,177.7039794921875,0.44776618480682373,88.05207061767578
56.100006103515625,256.4369812011719,32.80520248413086,177.69818115234375,0.45932066440582275,88.08198547363281
56.08574676513672,256.3880615234375,32.7273063659668,177.6953582763672,0.4659431278705597,88.09872436523438
56.070072174072266,256.343017578125,32.64977264404297,177.69287109375,0.47178247570991516,88.11551666259766
56.05305480957031,256.3019104003906,32.572486877441406,177.6907501220703,0.47682011127471924,88.13236999511719
56.01476287841797,256.231689453125,32.41864013671875,177.68753051757812,0.4844723045825958,88.16633605957031
55.99087905883789,256.1991271972656,32.332584381103516,177.68630981445312,0.4873643219470978,88.18556213378906
55.952030181884766,256.1597900390625,32.19759750366211,177.6848602294922,0.4895228147506714,88.2159423828125
55.911869049072266,256.1393127441406,32.062217712402344,177.6839141845703,0.48786190152168274,88.24674224853516
55.87013244628906,256.1330871582031,31.92716407775879,177.68336486816406,0.4833371639251709,88.27787017822266
55.8467903137207,256.1334533691406,31.849563598632812,177.68296813964844,0.4799393117427826,88.29579162597656
55.820960998535156,256.1371765136719,31.7618350982666,177.6824493408203,0.47546258568763733,88.31607818603516
55.77361297607422,256.15399169921875,31.59511375427246,177.6811981201172,0.4649842381477356,88.35469055175781
55.7098388671875,256.1893005371094,31.398683547973633,177.6812286376953,0.44957053661346436,88.40103149414062
55.677669525146484,256.207763671875,31.32120704650879,177.68251037597656,0.44261959195137024,88.4198226928711
55.63384246826172,256.23040771484375,31.23499870300293,177.68536376953125,0.4344249963760376,88.4412841796875
55.551876068115234,256.2669982910156,31.101909637451172,177.69232177734375,0.4213789403438568,88.47537231445312
55.49260711669922,256.2900695800781,31.017253875732422,177.697998046875,0.41313567757606506,88.49748992919922
55.42823028564453,256.31280517578125,30.93337631225586,177.7046356201172,0.40500277280807495,88.51976013183594
55.368106842041016,256.3323059082031,30.858936309814453,177.7110137939453,0.39791998267173767,88.5396728515625
55.22639083862305,256.3639221191406,30.674840927124023,177.7252655029297,0.38410428166389465,88.58808898925781
55.17565155029297,256.3671569824219,30.603118896484375,177.7298583984375,0.3807108402252197,88.60643005371094
55.10052490234375,256.36041259765625,30.479604721069336,177.7353515625,0.3775795102119446,88.63700866699219
55.06422805786133,256.34783935546875,30.401046752929688,177.7366485595703,0.3774195909500122,88.65552520751953
55.01503372192383,256.29339599609375,30.219932556152344,177.73309326171875,0.3826025128364563,88.69550323486328
55.001827239990234,256.2326965332031,30.088958740234375,177.72625732421875,0.39101600646972656,88.72245025634766
54.99859619140625,256.11474609375,29.89499282836914,177.71295166015625,0.40951845049858093,88.76068878173828
54.983280181884766,256.02423095703125,29.75718116760254,177.70590209960938,0.42394763231277466,88.78861999511719
54.969627380371094,255.98138427734375,29.69108772277832,177.70370483398438,0.4306696951389313,88.80248260498047
54.95237731933594,255.9407958984375,29.627248764038086,177.70233154296875,0.43697071075439453,88.81620025634766
54.93162155151367,255.90248107910156,29.565685272216797,177.70179748535156,0.44282421469688416,88.82978057861328
54.9040412902832,255.86204528808594,29.499164581298828,177.7021942138672,0.44886910915374756,88.84486389160156
54.872886657714844,255.8244171142578,29.435836791992188,177.70347595214844,0.4543984532356262,88.85963439941406
54.81440734863281,255.76458740234375,29.33344841003418,177.7071075439453,0.4629652202129364,88.88436126708984
54.780616760253906,255.73692321777344,29.285255432128906,177.71002197265625,0.46682074666023254,88.89655303955078
54.74302673339844,255.7103729248047,29.238513946533203,177.71377563476562,0.47041088342666626,88.90877532958984
54.70281219482422,255.6844482421875,29.19147491455078,177.71804809570312,0.47384026646614075,88.92130279541016
54.66044616699219,255.65879821777344,29.14351463317871,177.72271728515625,0.4771239459514618,88.93421173095703
54.59872055053711,255.62416076660156,29.07611083984375,177.729736328125,0.48141542077064514,88.95259857177734
54.5454216003418,255.59739685058594,29.019222259521484,177.73597717285156,0.48447221517562866,88.96824645996094
54.46058654785156,255.56785583496094,28.922321319580078,177.7458038330078,0.48636412620544434,88.9947509765625
54.411582946777344,255.55813598632812,28.8615665435791,177.75132751464844,0.48573461174964905,89.01119232177734
54.324710845947266,255.5536346435547,28.745820999145508,177.7609100341797,0.48161378502845764,89.04231262207031
54.23460388183594,255.5624237060547,28.61643409729004,177.77052307128906,0.4741901159286499,89.07673645019531
54.14104080200195,255.5872802734375,28.466049194335938,177.77978515625,0.4626070559024811,89.11605834960938
54.09348678588867,255.60679626464844,28.381877899169922,177.7841033935547,0.45500022172927856,89.13780975341797
54.01272964477539,255.64283752441406,28.230215072631836,177.79090881347656,0.44123077392578125,89.17659759521484
53.93380355834961,255.67578125,28.07514762878418,177.79702758789062,0.4280913174152374,89.21592712402344
53.85304260253906,255.69552612304688,27.923192977905273,177.80340576171875,0.4178966283798218,89.25447845458984
53.72114944458008,255.69825744628906,27.692459106445312,177.8142852783203,0.40819618105888367,89.31327819824219
53.63034439086914,255.6800994873047,27.542512893676758,177.82196044921875,0.40611839294433594,89.35150146484375
53.57981491088867,255.66319274902344,27.457735061645508,177.82608032226562,0.40640148520469666,89.37295532226562
53.50875473022461,255.63446044921875,27.332454681396484,177.8314971923828,0.4076674282550812,89.40430450439453
53.472190856933594,255.62071228027344,27.263704299926758,177.8341064453125,0.40795037150382996,89.42132568359375
53.436073303222656,255.6097412109375,27.19793128967285,177.8368377685547,0.4077530801296234,89.4377212524414
53.400211334228516,255.6019744873047,27.13532829284668,177.83984375,0.4069976806640625,89.45341491699219
53.36510467529297,255.59707641601562,27.076030731201172,177.8429412841797,0.40574803948402405,89.4684066772461
53.32826614379883,255.59426879882812,27.013633728027344,177.8462677001953,0.4039538502693176,89.48416900634766
53.26883316040039,255.59400939941406,26.912460327148438,177.85183715820312,0.4001942574977875,89.50970458984375
53.24226760864258,255.5949249267578,26.864521026611328,177.8543243408203,0.3982257843017578,89.52169799804688
53.18156051635742,255.59710693359375,26.742271423339844,177.85972595214844,0.39321368932724,89.55183410644531
53.13471984863281,255.59286499023438,26.65489959716797,177.8643798828125,0.3908303678035736,89.57357025146484
53.08568572998047,255.5809326171875,26.55755615234375,177.8690643310547,0.3896980583667755,89.5975341796875
53.02685546875,255.55137634277344,26.41092300415039,177.87335205078125,0.39056074619293213,89.63253784179688
52.99673080444336,255.531982421875,26.309917449951172,177.87429809570312,0.39106935262680054,89.656005859375
52.98426818847656,255.52197265625,26.252065658569336,177.8739471435547,0.39117443561553955,89.66915893554688
52.9744987487793,255.51168823242188,26.18686866760254,177.8727569580078,0.39114847779273987,89.6837387084961
52.96953201293945,255.5034637451172,26.128782272338867,177.87100219726562,0.3909624218940735,89.6965103149414
52.968257904052734,255.49534606933594,26.063491821289062,177.86822509765625,0.39056333899497986,89.71063995361328
52.98006057739258,255.48741149902344,25.949726104736328,177.86085510253906,0.3887101709842682,89.73458099365234
53.00270462036133,255.48391723632812,25.851703643798828,177.85231018066406,0.3865409195423126,89.75470733642578
53.020103454589844,255.48374938964844,25.797874450683594,177.8467254638672,0.38503509759902954,89.76555633544922
53.04065704345703,255.48519897460938,25.745975494384766,177.84066772460938,0.38330239057540894,89.77589416503906
53.06424331665039,255.4882049560547,25.696012496948242,177.83412170410156,0.38135987520217896,89.78569030761719
53.108970642089844,255.493896484375,25.602766036987305,177.82179260253906,0.3777143359184265,89.80409240722656
53.14649963378906,255.4934539794922,25.51313591003418,177.81092834472656,0.37540626525878906,89.82213592529297
53.190216064453125,255.4816436767578,25.37950897216797,177.79702758789062,0.3741428852081299,89.84988403320312
53.21375274658203,255.46560668945312,25.281986236572266,177.78843688964844,0.37469130754470825,89.87074279785156
53.224525451660156,255.4535675048828,25.224796295166016,177.783935546875,0.37553417682647705,89.88322448730469
53.2353401184082,255.43551635742188,25.15176773071289,177.77877807617188,0.3771287202835083,89.89933776855469
53.24591827392578,255.40232849121094,25.039329528808594,177.77194213867188,0.3806440234184265,89.9245834350586
53.24894332885742,255.38223266601562,24.97859001159668,177.76876831054688,0.3829745352268219,89.93839263916016
53.251129150390625,255.362060546875,24.918201446533203,177.76577758789062,0.38531142473220825,89.95217895507812
53.25213623046875,255.3414306640625,24.858728408813477,177.76303100585938,0.38775572180747986,89.96583557128906
53.251163482666016,255.31979370117188,24.801599502563477,177.7608184814453,0.3904862701892853,89.97907257080078
53.24848175048828,255.29710388183594,24.74707794189453,177.7590789794922,0.3934966027736664,89.99179077148438
53.24433135986328,255.27337646484375,24.695144653320312,177.75778198242188,0.39679718017578125,90.00396728515625
53.236995697021484,255.24221801757812,24.633899688720703,177.7567596435547,0.401359498500824,90.01838684082031
53.21550369262695,255.17535400390625,24.52068328857422,177.75660705566406,0.411685585975647,90.04524993896484
53.19554138183594,255.12570190429688,24.442197799682617,177.7576141357422,0.41956546902656555,90.06365966796875
53.18309783935547,255.09844970703125,24.396326065063477,177.7584228515625,0.4237830340862274,90.0743179321289
53.17024230957031,255.07345581054688,24.349218368530273,177.75927734375,0.42747634649276733,90.08525848388672
53.14768600463867,255.0357666015625,24.262454986572266,177.7607879638672,0.43248340487480164,90.10523223876953
53.135841369628906,255.0186767578125,24.208513259887695,177.76129150390625,0.4342541992664337,90.11752319335938
53.12363052368164,255.0033721923828,24.143781661987305,177.76150512695312,0.4352738857269287,90.13216400146484
53.113807678222656,254.9932861328125,24.082611083984375,177.7613525390625,0.43532052636146545,90.14588928222656
53.104915618896484,254.98573303222656,24.01862335205078,177.7609405517578,0.434737890958786,90.16020965576172
53.08626174926758,254.9745330810547,23.84296417236328,177.75852966308594,0.4311107099056244,90.19944763183594
53.07594299316406,254.96728515625,23.72689437866211,177.75643920898438,0.428619921207428,90.2256088256836
53.06986618041992,254.96067810058594,23.66372299194336,177.75531005859375,0.4278270900249481,90.23997497558594
53.0624885559082,254.9503631591797,23.59644317626953,177.75421142578125,0.4276964068412781,90.25537872314453
53.05458068847656,254.93692016601562,23.533153533935547,177.75328063964844,0.42837825417518616,90.26995849609375
53.047115325927734,254.9226531982422,23.47992706298828,177.7526092529297,0.42958760261535645,90.2823257446289
53.038639068603516,254.90573120117188,23.42862319946289,177.75210571289062,0.43145501613616943,90.29438781738281
53.02842712402344,254.88455200195312,23.37855339050293,177.751953125,0.4342615306377411,90.30625915527344
53.0061149597168,254.8387908935547,23.293004989624023,177.75245666503906,0.4410645067691803,90.32682800292969
52.97792053222656,254.78378295898438,23.20840835571289,177.75401306152344,0.44984960556030273,90.34742736816406
52.957069396972656,254.7458038330078,23.154306411743164,177.75550842285156,0.45605990290641785,90.36071014404297
52.91753387451172,254.67991638183594,23.05970573425293,177.7587127685547,0.46681687235832214,90.38404083251953
52.88236999511719,254.6262969970703,22.979480743408203,177.76173400878906,0.4755368232727051,90.40382385253906
52.86192321777344,254.59654235839844,22.934383392333984,177.76356506347656,0.48039117455482483,90.41497039794922
52.841312408447266,254.56698608398438,22.89027976989746,177.76544189453125,0.48526814579963684,90.42586517333984
52.82062911987305,254.5373992919922,22.847681045532227,177.7673797607422,0.4902096688747406,90.43639373779297
52.799842834472656,254.50779724121094,22.8065242767334,177.76939392089844,0.4952205717563629,90.44656372070312
52.7640380859375,254.455810546875,22.736595153808594,177.77284240722656,0.5041662454605103,90.46379089355469
52.712730407714844,254.37648010253906,22.624113082885742,177.77720642089844,0.5178154110908508,90.49111938476562
52.6860237121582,254.3343963623047,22.556921005249023,177.77915954589844,0.5249620079994202,90.50714874267578
52.66274642944336,254.29833984375,22.49040412902832,177.78065490722656,0.5309775471687317,90.5225830078125
52.64296340942383,254.26829528808594,22.424650192260742,177.7816925048828,0.5358543395996094,90.53742218017578
52.62326431274414,254.2391357421875,22.35347557067871,177.78268432617188,0.5404899716377258,90.55313873291016
52.61106491088867,254.2216339111328,22.30977439880371,177.7833709716797,0.5432724952697754,90.56271362304688
52.590248107910156,254.1922607421875,22.235116958618164,177.78468322753906,0.5479444861412048,90.57888793945312
52.58012771606445,254.1770782470703,22.19447898864746,177.7852020263672,0.550333559513092,90.58757019042969
52.571441650390625,254.1625213623047,22.15316390991211,177.78546142578125,0.5526245832443237,90.59626770019531
52.56435012817383,254.14822387695312,22.111417770385742,177.78541564941406,0.5548827052116394,90.60492706298828
52.55915832519531,254.13380432128906,22.06938362121582,177.78494262695312,0.557182252407074,90.61355590820312
52.55364990234375,254.10824584960938,21.994916915893555,177.7833251953125,0.5613400936126709,90.62877655029297
52.553123474121094,254.08248901367188,21.91480827331543,177.78050231933594,0.5655224323272705,90.64490509033203
52.555233001708984,254.06967163085938,21.872058868408203,177.7784881591797,0.5675827264785767,90.6534194946289
52.56305694580078,254.0487060546875,21.795368194580078,177.7740478515625,0.5709125399589539,90.66864776611328
52.56985092163086,254.03738403320312,21.74941062927246,177.77098083496094,0.5726863145828247,90.67772674560547
52.578346252441406,254.02662658691406,21.70195770263672,177.76747131347656,0.5743653178215027,90.68712615966797
52.58845901489258,254.0161895751953,21.652864456176758,177.7635955810547,0.5759754776954651,90.69682312011719
52.601707458496094,254.005126953125,21.595836639404297,177.75877380371094,0.5776728391647339,90.70811462402344
52.61399459838867,253.99525451660156,21.543535232543945,177.75430297851562,0.5791678428649902,90.7185287475586
52.626365661621094,253.98516845703125,21.489633560180664,177.74977111816406,0.580694854259491,90.72929382324219
52.65109634399414,253.96417236328125,21.37958335876465,177.74063110351562,0.583956241607666,90.7514877319336
52.679561614990234,253.93382263183594,21.240480422973633,177.72967529296875,0.5891939401626587,90.78046417236328
52.691688537597656,253.911376953125,21.152423858642578,177.72396850585938,0.5934332609176636,90.79965209960938
52.696197509765625,253.8978729248047,21.104951858520508,177.7213134765625,0.596106767654419,90.8103256225586
52.698970794677734,253.88406372070312,21.059898376464844,177.7191162109375,0.5989185571670532,90.82071685791016
52.69997787475586,253.8697509765625,21.01705551147461,177.7173614501953,0.6019145846366882,90.83085632324219
52.698490142822266,253.84933471679688,20.961894989013672,177.71568298339844,0.6063084602355957,90.84432983398438
52.69529724121094,253.83480834960938,20.924009323120117,177.71498107910156,0.6094972491264343,90.85393524169922
52.69135665893555,253.82049560546875,20.887298583984375,177.71450805664062,0.6126798987388611,90.86333465576172
52.687442779541016,253.8061065673828,20.85019874572754,177.7140350341797,0.6158817410469055,90.87281036376953
52.68367385864258,253.79188537597656,20.811756134033203,177.71348571777344,0.6190029978752136,90.88253021240234
52.68003463745117,253.7776641845703,20.771852493286133,177.71286010742188,0.6220987439155579,90.89250946044922
52.67649459838867,253.76358032226562,20.730518341064453,177.71217346191406,0.6251440644264221,90.90274047851562
52.6734733581543,253.75010681152344,20.688209533691406,177.7113800048828,0.6280032396316528,90.91310119628906
52.67213821411133,253.73780822753906,20.645172119140625,177.71023559570312,0.6305971145629883,90.92340850830078
52.67516326904297,253.71505737304688,20.55244255065918,177.7066192626953,0.6353262066841125,90.94485473632812
52.679176330566406,253.70489501953125,20.508981704711914,177.70445251464844,0.6374461650848389,90.95454406738281
52.68373489379883,253.69345092773438,20.465351104736328,177.70211791992188,0.6398739814758301,90.96417236328125
52.689579010009766,253.677978515625,20.416637420654297,177.69935607910156,0.6432572603225708,90.97476959228516
52.69542694091797,253.66146850585938,20.374046325683594,177.6967315673828,0.6469234824180603,90.98395538330078
52.701847076416016,253.64239501953125,20.331953048706055,177.6939697265625,0.6512267589569092,90.99292755126953
52.7082405090332,253.62118530273438,20.290618896484375,177.6912384033203,0.6560544967651367,91.001708984375
52.7198371887207,253.55471801757812,20.180864334106445,177.68492126464844,0.6714763045310974,91.02534484863281
52.72576141357422,253.50875854492188,20.112794876098633,177.68121337890625,0.6823790669441223,91.04007720947266
52.73775863647461,253.4664764404297,20.041790008544922,177.67628479003906,0.6927304863929749,91.05502319335938
52.74825668334961,253.44554138183594,19.99945068359375,177.6727294921875,0.6980193257331848,91.06369018554688
52.764137268066406,253.42623901367188,19.950817108154297,177.66798400878906,0.703099250793457,91.07337188720703
52.78187942504883,253.41265869140625,19.90657615661621,177.66307067871094,0.7068737745285034,91.0819320678711
52.84828186035156,253.3931121826172,19.780452728271484,177.64622497558594,0.7135781049728394,91.10518646240234
52.90346145629883,253.39254760742188,19.69829750061035,177.6330108642578,0.7154324650764465,91.11957550048828
52.96277618408203,253.39971923828125,19.617334365844727,177.6189422607422,0.7157127857208252,91.13360595703125
52.9993782043457,253.40469360351562,19.56679344177246,177.61013793945312,0.7158390879631042,91.14248657226562
53.02976989746094,253.408447265625,19.523303985595703,177.60272216796875,0.7160893678665161,91.15029907226562
53.05813217163086,253.4115447998047,19.481157302856445,177.59567260742188,0.7164840698242188,91.15803527832031
53.08767318725586,253.41424560546875,19.435373306274414,177.58816528320312,0.7171045541763306,91.16661071777344
53.11320495605469,253.4154510498047,19.391149520874023,177.5814208984375,0.7180227637290955,91.17517852783203
53.13224792480469,253.4154510498047,19.35321807861328,177.57614135742188,0.719051718711853,91.18277740478516
53.147884368896484,253.4146728515625,19.316120147705078,177.5714874267578,0.7202242612838745,91.19042205810547
53.160125732421875,253.41326904296875,19.280025482177734,177.56744384765625,0.7215138673782349,91.19813537597656
53.168792724609375,253.41148376464844,19.24467658996582,177.56411743164062,0.7228714227676392,91.20592498779297
53.17409133911133,253.4095458984375,19.205413818359375,177.56121826171875,0.7243757247924805,91.21485137939453
53.17804718017578,253.4065704345703,19.143760681152344,177.55755615234375,0.7266390323638916,91.22909545898438
53.17564392089844,253.40176391601562,19.04422950744629,177.55343627929688,0.7301349639892578,91.2524185180664
53.17155838012695,253.40118408203125,19.00690269470215,177.55252075195312,0.7311415076255798,91.2613754272461
53.16537857055664,253.40196228027344,18.969179153442383,177.5519561767578,0.7318711876869202,91.27063751220703
53.148338317871094,253.40631103515625,18.89777374267578,177.55194091796875,0.7326167225837708,91.28857421875
53.1373176574707,253.41024780273438,18.859697341918945,177.55226135253906,0.7326788306236267,91.29837799072266
53.11642074584961,253.4202423095703,18.793100357055664,177.55308532714844,0.7321605682373047,91.3158187866211
53.090152740478516,253.43679809570312,18.717119216918945,177.5543670654297,0.7305619120597839,91.3362045288086
53.06770706176758,253.4554443359375,18.65140724182129,177.5552978515625,0.7283056974411011,91.35404968261719
53.056190490722656,253.4668426513672,18.614656448364258,177.55552673339844,0.7268955707550049,91.36400604248047
53.03960037231445,253.48574829101562,18.553302764892578,177.5552978515625,0.7246121764183044,91.38046264648438
53.02834701538086,253.50164794921875,18.495243072509766,177.5541229248047,0.7229410409927368,91.3956298828125
53.020957946777344,253.51942443847656,18.411792755126953,177.55055236816406,0.7216741442680359,91.41657257080078
53.02009201049805,253.52621459960938,18.37374496459961,177.5483856201172,0.7214157581329346,91.4258804321289
53.0195426940918,253.5316162109375,18.344093322753906,177.54666137695312,0.7212032675743103,91.43312072753906
53.01987075805664,253.5371551513672,18.314985275268555,177.5447540283203,0.7209579944610596,91.44017028808594
53.022621154785156,253.54815673828125,18.265092849731445,177.5410614013672,0.7203111052513123,91.45207214355469
53.02777099609375,253.570556640625,18.194311141967773,177.5355224609375,0.7180536389350891,91.46903228759766
53.028812408447266,253.59422302246094,18.13718605041504,177.53170776367188,0.7151324152946472,91.48309326171875
53.027923583984375,253.61155700683594,18.10123634338379,177.52960205078125,0.7127999663352966,91.49214935302734
53.026302337646484,253.6376953125,18.0496883392334,177.5267333984375,0.7091893553733826,91.50518798828125
53.03413772583008,253.6871337890625,17.96600341796875,177.5202178955078,0.7018020153045654,91.52547454833984
53.042572021484375,253.70724487304688,17.934833526611328,177.51675415039062,0.6986703276634216,91.53255462646484
53.07794952392578,253.76248168945312,17.852022171020508,177.5052032470703,0.6898338198661804,91.55018615722656
53.09618377685547,253.78443908691406,17.82018280029297,177.49989318847656,0.6862439513206482,91.55655670166016
53.116214752197266,253.80772399902344,17.788345336914062,177.49429321289062,0.6823297739028931,91.5627212524414
53.13640213012695,253.83238220214844,17.756956100463867,177.48867797851562,0.6780856847763062,91.56876373291016
53.17136764526367,253.87530517578125,17.703670501708984,177.4790496826172,0.6706184148788452,91.57882690429688
53.204254150390625,253.91598510742188,17.65187644958496,177.4698944091797,0.6635356545448303,91.58863067626953
53.220367431640625,253.9369659423828,17.622615814208984,177.46519470214844,0.6599457859992981,91.59429168701172
53.24297332763672,253.97467041015625,17.570053100585938,177.4579315185547,0.6535248756408691,91.6049575805664
53.25612258911133,254.01239013671875,17.517322540283203,177.45240783691406,0.6471154093742371,91.61637878417969
53.258514404296875,254.02978515625,17.4918212890625,177.45045471191406,0.6442219614982605,91.6221923828125
53.25812911987305,254.0458526611328,17.466552734375,177.4490203857422,0.6416271924972534,91.62811279296875
53.255126953125,254.06072998046875,17.4415340423584,177.4480743408203,0.6392966508865356,91.6341552734375
53.251583099365234,254.07615661621094,17.415843963623047,177.44720458984375,0.6368691325187683,91.6403579711914
53.247398376464844,254.09230041503906,17.389636993408203,177.44644165039062,0.6343235969543457,91.64671325683594
53.242713928222656,254.10972595214844,17.35947608947754,177.44552612304688,0.6316492557525635,91.65397644042969
53.23807144165039,254.12631225585938,17.328567504882812,177.44456481933594,0.6292039155960083,91.66138458251953
53.23308563232422,254.1437530517578,17.29334831237793,177.44337463378906,0.6267585754394531,91.66975402832031
53.22916030883789,254.15696716308594,17.264402389526367,177.44235229492188,0.6249817609786987,91.67662048339844
53.22564697265625,254.16969299316406,17.234500885009766,177.441162109375,0.6233536601066589,91.68368530273438
53.217628479003906,254.2006072998047,17.151405334472656,177.43736267089844,0.6197452545166016,91.70325469970703
53.21339416503906,254.21925354003906,17.092344284057617,177.4342498779297,0.6178792715072632,91.71712493896484
53.21137619018555,254.22927856445312,17.05732536315918,177.4322509765625,0.6170024275779724,91.72533416748047
53.20950698852539,254.23983764648438,17.016704559326172,177.42984008789062,0.6161924004554749,91.73484802246094
53.20769500732422,254.25453186035156,16.951683044433594,177.42567443847656,0.6153587698936462,91.74996948242188
53.208045959472656,254.26199340820312,16.91504669189453,177.42300415039062,0.6150637865066528,91.75836944580078
53.21371841430664,254.2793426513672,16.82276725769043,177.4152374267578,0.6145488619804382,91.7790756225586
53.21747970581055,254.28492736816406,16.78957176208496,177.41204833984375,0.6144881844520569,91.78633880615234
53.23135757446289,254.29666137695312,16.7074031829834,177.40325927734375,0.6147897243499756,91.80366516113281
53.248619079589844,254.30259704589844,16.636716842651367,177.39456176757812,0.6159326434135437,91.81780242919922
53.25547409057617,254.30332946777344,16.61077117919922,177.3912811279297,0.6166707277297974,91.82283020019531
53.26966094970703,254.30477905273438,16.54849624633789,177.3838653564453,0.6185168027877808,91.83499145507812
53.27356719970703,254.30543518066406,16.523900985717773,177.3813018798828,0.6192429661750793,91.83991241455078
53.27646255493164,254.30612182617188,16.4993839263916,177.37896728515625,0.61996990442276,91.84490966796875
53.2783203125,254.3073272705078,16.451135635375977,177.37515258789062,0.6214390397071838,91.85503387451172
53.27277755737305,254.30792236328125,16.388025283813477,177.37184143066406,0.6234683990478516,91.86890411376953
53.267906188964844,254.30918884277344,16.343812942504883,177.3697509765625,0.6246100664138794,91.87882232666016
53.264095306396484,254.31077575683594,16.29764175415039,177.36729431152344,0.6256363987922668,91.88915252685547
53.26042556762695,254.3125762939453,16.221878051757812,177.36273193359375,0.6273021101951599,91.90599060058594
53.256004333496094,254.316650390625,16.173994064331055,177.36013793945312,0.6276533603668213,91.91690063476562
53.24338150024414,254.3290252685547,16.108375549316406,177.35768127441406,0.6265966892242432,91.9324722290039
53.2366943359375,254.336181640625,16.082889556884766,177.3570098876953,0.6256688833236694,91.93869018554688
53.229766845703125,254.34487915039062,16.057825088500977,177.35635375976562,0.6243858933448792,91.94490814208984
53.202152252197266,254.3804473876953,15.993985176086426,177.35643005371094,0.6182304620742798,91.9616470336914
53.192562103271484,254.3945770263672,15.973970413208008,177.35658264160156,0.6156560182571411,91.967041015625
53.1844367980957,254.40879821777344,15.954436302185059,177.3564453125,0.6130342483520508,91.97228240966797
53.173789978027344,254.43421936035156,15.921590805053711,177.35562133789062,0.6082952618598938,91.98099517822266
53.16801834106445,254.4595489501953,15.8899507522583,177.35389709472656,0.6035276651382446,91.98919677734375
53.16838455200195,254.47271728515625,15.87149715423584,177.3522186279297,0.6010822653770447,91.99373626708984
53.184993743896484,254.50296020507812,15.817737579345703,177.3444061279297,0.5956085324287415,92.00589752197266
53.19661331176758,254.5134735107422,15.796655654907227,177.34039306640625,0.5937178134918213,92.01033782958984
53.223785400390625,254.5333251953125,15.757184982299805,177.3319091796875,0.5900822281837463,92.01826477050781
53.24322509765625,254.54556274414062,15.733200073242188,177.32623291015625,0.5878033638000488,92.02288818359375
53.26542663574219,254.55850219726562,15.70811653137207,177.31993103027344,0.5853679776191711,92.027587890625
53.28865051269531,254.57351684570312,15.682571411132812,177.3134002685547,0.5824559926986694,92.0323715209961
53.33723831176758,254.61270141601562,15.627466201782227,177.29959106445312,0.5746636390686035,92.04283142089844
53.35954666137695,254.63388061523438,15.600813865661621,177.2931671142578,0.5703938603401184,92.04795837402344
53.37894058227539,254.6556854248047,15.574490547180176,177.2872314453125,0.5659968852996826,92.05323791503906
53.40439987182617,254.69432067871094,15.529481887817383,177.2785186767578,0.5582212805747986,92.06275177001953
53.41393280029297,254.71514892578125,15.50519847869873,177.2745361328125,0.5540592074394226,92.06816101074219
53.41970443725586,254.7334442138672,15.482596397399902,177.2714080810547,0.5504345893859863,92.07335662841797
53.42169189453125,254.74935913085938,15.461727142333984,177.26910400390625,0.5473191142082214,92.07836151123047
53.41523742675781,254.77261352539062,15.427148818969727,177.26702880859375,0.5428981781005859,92.08720397949219
53.39019012451172,254.7921142578125,15.38630199432373,177.2676544189453,0.5395140051841736,92.09854125976562
53.375404357910156,254.79901123046875,15.358865737915039,177.26773071289062,0.5385710597038269,92.10572052001953
53.369110107421875,254.801513671875,15.340352058410645,177.26715087890625,0.5383727550506592,92.11017608642578
53.367923736572266,254.80325317382812,15.322647094726562,177.26573181152344,0.5383188128471375,92.11405944824219
53.3786506652832,254.80625915527344,15.282841682434082,177.26019287109375,0.5383448004722595,92.12183380126953
53.3909912109375,254.80816650390625,15.260028839111328,177.25592041015625,0.5382851958274841,92.12586975097656
53.41923522949219,254.8109588623047,15.217256546020508,177.2470245361328,0.5383232831954956,92.1330337524414
53.437679290771484,254.81185913085938,15.191848754882812,177.24143981933594,0.5384879112243652,92.13717651367188
53.457847595214844,254.8123321533203,15.165629386901855,177.23548889160156,0.5387499332427979,92.14134216308594
53.48014450073242,254.81309509277344,15.13850212097168,177.2290496826172,0.5389401316642761,92.14555358886719
53.501651763916016,254.8139190673828,15.111522674560547,177.22276306152344,0.5391212701797485,92.14979553222656
53.52558135986328,254.81466674804688,15.07883358001709,177.2154998779297,0.539420485496521,92.15503692626953
53.553470611572266,254.8160858154297,15.034819602966309,177.2064666748047,0.5397322177886963,92.16233825683594
53.56634521484375,254.8174285888672,15.00998306274414,177.20181274414062,0.5397821068763733,92.1666030883789
53.576805114746094,254.81915283203125,14.98526668548584,177.1975555419922,0.5397194623947144,92.17098236083984
53.58388900756836,254.8212127685547,14.961222648620605,177.1939239501953,0.539566695690155,92.1753921508789
53.590599060058594,254.8264923095703,14.919943809509277,177.1885986328125,0.5388810634613037,92.18317413330078
53.59324264526367,254.83111572265625,14.896012306213379,177.1856689453125,0.5381364226341248,92.18775177001953
53.59526443481445,254.83755493164062,14.868718147277832,177.18251037597656,0.5370011329650879,92.1929702758789
53.59555435180664,254.84451293945312,14.84134292602539,177.1796112060547,0.5357572436332703,92.19829559326172
53.5904655456543,254.85450744628906,14.799860954284668,177.17626953125,0.5339727401733398,92.2066421508789
53.57684326171875,254.86265563964844,14.760625839233398,177.17481994628906,0.5325908660888672,92.21527862548828
53.56574630737305,254.86647033691406,14.739365577697754,177.17477416992188,0.5319965481758118,92.22029876708984
53.55238723754883,254.86978149414062,14.71943473815918,177.1753387451172,0.5315170288085938,92.22529602050781
53.536685943603516,254.87246704101562,14.700687408447266,177.176513671875,0.5311814546585083,92.23028564453125
53.51880645751953,254.87460327148438,14.683149337768555,177.17828369140625,0.5309683680534363,92.23526000976562
53.49342346191406,254.87646484375,14.662805557250977,177.18125915527344,0.5308945775032043,92.24148559570312
53.46910095214844,254.87753295898438,14.645241737365723,177.1843719482422,0.5309855937957764,92.24718475341797
53.44688415527344,254.8778076171875,14.62980842590332,177.1873016357422,0.5312260985374451,92.25235748291016
53.424720764160156,254.8772735595703,14.614004135131836,177.190185546875,0.5316569805145264,92.25759887695312
53.401981353759766,254.87579345703125,14.598346710205078,177.19313049316406,0.5322846174240112,92.26284790039062
53.37866973876953,254.87335205078125,14.582874298095703,177.19615173339844,0.533133327960968,92.26811218261719
53.354732513427734,254.87002563476562,14.567508697509766,177.19924926757812,0.5341759920120239,92.27336883544922
53.330963134765625,254.86590576171875,14.55195426940918,177.2022247314453,0.5353488326072693,92.27859497070312
53.307735443115234,254.86141967773438,14.535893440246582,177.20494079589844,0.5365802049636841,92.28376007080078
53.28206253051758,254.85585021972656,14.517569541931152,177.207763671875,0.5380690693855286,92.28947448730469
53.23982238769531,254.8453369140625,14.486071586608887,177.2119598388672,0.5407325029373169,92.29878234863281
53.21799087524414,254.84022521972656,14.467805862426758,177.21389770507812,0.5419912934303284,92.30384826660156
53.196651458740234,254.83580017089844,14.44810676574707,177.21554565429688,0.543064534664154,92.30906677246094
53.16070556640625,254.82891845703125,14.410404205322266,177.21780395507812,0.5446642637252808,92.31848907470703
53.112144470214844,254.81405639648438,14.352118492126465,177.2200469970703,0.5478624105453491,92.33209991455078
53.090816497802734,254.8057098388672,14.324878692626953,177.22097778320312,0.5496053099632263,92.33831787109375
53.0567741394043,254.78970336914062,14.277423858642578,177.2222900390625,0.55294269323349,92.34899139404297
53.02558517456055,254.772216796875,14.231855392456055,177.22354125976562,0.5565482974052429,92.35919189453125
52.99177932739258,254.75119018554688,14.188494682312012,177.22564697265625,0.5608250498771667,92.36914825439453
52.96977615356445,254.73727416992188,14.166648864746094,177.2276611328125,0.5636427998542786,92.37442016601562
52.92646026611328,254.70977783203125,14.133689880371094,177.2325439453125,0.5691841840744019,92.38294982910156
52.87604522705078,254.68150329589844,14.103175163269043,177.2390594482422,0.5747880935668945,92.39148712158203
52.80656433105469,254.6473846435547,14.061811447143555,177.24826049804688,0.5813842415809631,92.40345001220703
52.76573944091797,254.6248016357422,14.037768363952637,177.253662109375,0.585883378982544,92.41056823730469
52.72804260253906,254.5995330810547,14.015372276306152,177.2584991455078,0.5911147594451904,92.41720581054688
52.70794677734375,254.58372497558594,14.002893447875977,177.26097106933594,0.5944860577583313,92.4208755493164
52.678245544433594,254.5523681640625,13.979146957397461,177.2639617919922,0.6013509631156921,92.42727661132812
52.66423797607422,254.52999877929688,13.96212387084961,177.26470947265625,0.6063600182533264,92.43142700195312
52.653343200683594,254.50575256347656,13.94409465789795,177.26470947265625,0.6118931770324707,92.43557739257812
52.64432907104492,254.48268127441406,13.927849769592285,177.26449584960938,0.6171723008155823,92.43922424316406
52.636497497558594,254.4599151611328,13.911200523376465,177.2639923095703,0.6224099397659302,92.4428939819336
52.629981994628906,254.4378204345703,13.894131660461426,177.26319885253906,0.6275359392166138,92.44660186767578
52.62392807006836,254.41534423828125,13.874208450317383,177.26199340820312,0.6327797174453735,92.45088195800781
52.617156982421875,254.38699340820312,13.841691970825195,177.25958251953125,0.6394448280334473,92.45780181884766
52.614505767822266,254.37301635742188,13.819770812988281,177.25772094726562,0.6427770853042603,92.4624252319336
52.613136291503906,254.36138916015625,13.794590950012207,177.25531005859375,0.6455807089805603,92.46771240234375
52.61362075805664,254.35423278808594,13.771038055419922,177.2528076171875,0.6473864912986755,92.47258758544922
52.616241455078125,254.34947204589844,13.749167442321777,177.25013732910156,0.6486625671386719,92.47705078125
52.627174377441406,254.34414672851562,13.705774307250977,177.24391174316406,0.6503320336341858,92.48573303222656
52.635711669921875,254.34194946289062,13.681629180908203,177.2400665283203,0.651134192943573,92.49047088623047
52.65346908569336,254.33494567871094,13.638646125793457,177.23275756835938,0.6533248424530029,92.49874877929688
52.69440841674805,254.31655883789062,13.564157485961914,177.2180633544922,0.6586730480194092,92.51216888427734
52.72480010986328,254.29800415039062,13.516651153564453,177.20765686035156,0.6636756658554077,92.51992797851562
52.743160247802734,254.28407287597656,13.489026069641113,177.20140075683594,0.6673521995544434,92.52420806884766
52.762229919433594,254.26768493652344,13.460874557495117,177.19488525390625,0.6715853810310364,92.52838134765625
52.781471252441406,254.24942016601562,13.432056427001953,177.18820190429688,0.6762858033180237,92.53251647949219
52.8002815246582,254.2298126220703,13.403216361999512,177.1815185546875,0.6812611222267151,92.5365219116211
52.82090377807617,254.20652770996094,13.370741844177246,177.17401123046875,0.6871456503868103,92.54087829589844
52.840789794921875,254.18182373046875,13.338465690612793,177.1665802001953,0.6933342814445496,92.54505157470703
52.85681915283203,254.1589813232422,13.310566902160645,177.16036987304688,0.6990397572517395,92.54862976074219
52.870994567871094,254.13563537597656,13.2835693359375,177.1545867919922,0.704873263835907,92.55211639404297
52.8846549987793,254.1088409423828,13.254308700561523,177.1486358642578,0.711550235748291,92.5559310913086
52.89522171020508,254.0850067138672,13.229129791259766,177.1437225341797,0.7175167202949524,92.55928802490234
52.9045524597168,254.0619354248047,13.204797744750977,177.13916015625,0.7232905030250549,92.56265258789062
52.9124755859375,254.03956604003906,13.181339263916016,177.13504028320312,0.7289239764213562,92.56605529785156
52.92325973510742,253.9994659423828,13.139898300170898,177.1284942626953,0.7391049861907959,92.57261657714844
52.92900466918945,253.96192932128906,13.101646423339844,177.1234893798828,0.748745322227478,92.579345703125
52.93080139160156,253.92874145507812,13.064966201782227,177.11961364746094,0.757502019405365,92.58646392822266
52.930030822753906,253.91200256347656,13.046982765197754,177.11802673339844,0.7620193958282471,92.5902328491211
52.92587661743164,253.8836669921875,13.018389701843262,177.1160430908203,0.769774317741394,92.59663391113281
52.92301940917969,253.86766052246094,13.002948760986328,177.11497497558594,0.7741971611976624,92.60020446777344
52.92027282714844,253.85147094726562,12.987858772277832,177.1138458251953,0.7786982655525208,92.60365295410156
52.91717529296875,253.83094787597656,12.969533920288086,177.11231994628906,0.7844282388687134,92.6077880859375
52.914371490478516,253.80990600585938,12.951702117919922,177.1106414794922,0.790300726890564,92.61174011230469
52.91184997558594,253.7805633544922,12.927070617675781,177.1078338623047,0.7986298203468323,92.61708068847656
52.91195297241211,253.7620849609375,12.91076374053955,177.10549926757812,0.8039723634719849,92.62047576904297
52.913856506347656,253.73260498046875,12.885892868041992,177.1013641357422,0.8125609159469604,92.62549591064453
52.91844177246094,253.70448303222656,12.85923957824707,177.09645080566406,0.8209846019744873,92.63076782226562
52.9278564453125,253.67269897460938,12.823742866516113,177.08941650390625,0.8308120369911194,92.63756561279297
52.93369674682617,253.6586456298828,12.805840492248535,177.085693359375,0.8352882266044617,92.64096069335938
52.946449279785156,253.63246154785156,12.773065567016602,177.07847595214844,0.8435927629470825,92.64696502685547
52.95521926879883,253.6160430908203,12.753475189208984,177.07395935058594,0.8487533926963806,92.65043640136719
52.9648551940918,253.6000518798828,12.733190536499023,177.06924438476562,0.8538357615470886,92.65397644042969
52.97533416748047,253.5846710205078,12.712369918823242,177.06434631347656,0.8587811589241028,92.65754699707031
52.98588180541992,253.56985473632812,12.69139575958252,177.0594940185547,0.8636088371276855,92.66114044189453
52.996456146240234,253.55535888671875,12.670509338378906,177.05470275878906,0.8683289289474487,92.66470336914062
53.008270263671875,253.53945922851562,12.647062301635742,177.04940795898438,0.873528778553009,92.668701171875
53.02134704589844,253.52247619628906,12.621079444885254,177.04360961914062,0.8791515231132507,92.6731185913086
53.03141403198242,253.50897216796875,12.600397109985352,177.0391082763672,0.8836249709129333,92.6766586303711
53.04024887084961,253.4950408935547,12.579717636108398,177.03485107421875,0.8882896304130554,92.68023681640625
53.04768753051758,253.47962951660156,12.557387351989746,177.0306396484375,0.8935062289237976,92.68423461914062
53.05094909667969,253.46597290039062,12.538963317871094,177.0276336669922,0.8981643319129944,92.68768310546875
53.050838470458984,253.45216369628906,12.522011756896973,177.02540588378906,0.902877151966095,92.69102478027344
53.04737854003906,253.4373321533203,12.506464004516602,177.02391052246094,0.9078724980354309,92.69425201416016
53.032039642333984,253.4031982421875,12.481607437133789,177.02293395996094,0.9187722206115723,92.69984436035156
53.017356872558594,253.3787841796875,12.469300270080566,177.0234832763672,0.9262934923171997,92.70294189453125
53.001773834228516,253.35543823242188,12.459644317626953,177.02447509765625,0.933411180973053,92.70551300048828
52.98506546020508,253.33197021484375,12.450517654418945,177.025634765625,0.9406682848930359,92.70799255371094
52.95368576049805,253.29055786132812,12.435749053955078,177.02798461914062,0.9536506533622742,92.7120361328125
52.922210693359375,253.2511749267578,12.42262077331543,177.03038024902344,0.966262698173523,92.7155532836914
52.905296325683594,253.23048400878906,12.415264129638672,177.03150939941406,0.9730991125106812,92.71742248535156
52.88888168334961,253.20970153808594,12.405767440795898,177.0321807861328,0.9802812337875366,92.71957397460938
52.87660217285156,253.1935577392578,12.396187782287598,177.0322265625,0.9861780405044556,92.72156524658203
52.86600875854492,253.1799774169922,12.385720252990723,177.03187561035156,0.9915404915809631,92.72367095947266
52.85047912597656,253.16360473632812,12.365584373474121,177.03057861328125,0.9992759227752686,92.72774505615234
52.83799743652344,253.15969848632812,12.332029342651367,177.02664184570312,1.0058871507644653,92.73466491699219
52.834068298339844,253.1624755859375,12.318060874938965,177.02490234375,1.0074827671051025,92.73776245117188
52.829811096191406,253.16928100585938,12.300207138061523,177.02259826660156,1.0086699724197388,92.74186706542969
52.82436752319336,253.18516540527344,12.27489948272705,177.01934814453125,1.0087815523147583,92.74809265136719
52.81859588623047,253.20004272460938,12.259078979492188,177.0177764892578,1.007765769958496,92.75232696533203
52.8048210144043,253.2306671142578,12.235586166381836,177.01632690429688,1.0043940544128418,92.75933837890625
52.77627944946289,253.28944396972656,12.204100608825684,177.0160675048828,0.9961076378822327,92.77002716064453
52.742401123046875,253.3454132080078,12.179925918579102,177.01779174804688,0.987745463848114,92.77913665771484
52.7087516784668,253.3909912109375,12.161898612976074,177.0203399658203,0.9811039566993713,92.78645324707031
52.688865661621094,253.41455078125,12.1519775390625,177.0218963623047,0.977978527545929,92.79043579101562
52.665809631347656,253.4386749267578,12.141326904296875,177.02377319335938,0.9751019477844238,92.79476165771484
52.644432067871094,253.45733642578125,12.132894515991211,177.02566528320312,0.9732427597045898,92.79833221435547
52.62370681762695,253.47262573242188,12.12516975402832,177.02748107910156,0.9721913933753967,92.80162811279297
52.602333068847656,253.4855194091797,12.117018699645996,177.0292205810547,0.9720410704612732,92.80501556396484
52.582725524902344,253.49404907226562,12.109379768371582,177.03065490722656,0.9729433059692383,92.8081283569336
52.56121826171875,253.49871826171875,12.100854873657227,177.0320281982422,0.9754213690757751,92.8115005493164
52.536033630371094,253.49453735351562,12.090018272399902,177.0330810546875,0.9814586043357849,92.81549072265625
52.524696350097656,253.4873809814453,12.084399223327637,177.0331573486328,0.9859753847122192,92.81734466552734
52.51340866088867,253.47532653808594,12.07822036743164,177.03289794921875,0.9921498894691467,92.81922912597656
52.50347137451172,253.46246337890625,12.073094367980957,177.03260803222656,0.9981808066368103,92.82076263427734
52.492977142333984,253.44834899902344,12.068499565124512,177.03240966796875,1.0045676231384277,92.82219696044922
52.48092269897461,253.43165588378906,12.063135147094727,177.03213500976562,1.0119969844818115,92.82377624511719
52.47011184692383,253.41647338867188,12.058038711547852,177.03182983398438,1.018777847290039,92.82522583007812
52.457950592041016,253.3988037109375,12.051921844482422,177.0313720703125,1.026597499847412,92.82685852050781
52.44706344604492,253.38299560546875,12.04605484008789,177.03085327148438,1.0336726903915405,92.82835388183594
52.428993225097656,253.3577880859375,12.034000396728516,177.0294952392578,1.0457712411880493,92.83129119873047
52.41202926635742,253.3373260498047,12.019408226013184,177.0275115966797,1.0571669340133667,92.83472442626953
52.395912170410156,253.32562255859375,12.002558708190918,177.02520751953125,1.066696047782898,92.83875274658203
52.38062286376953,253.3236541748047,11.983735084533691,177.0226287841797,1.074100136756897,92.84337615966797
52.372276306152344,253.3271942138672,11.972076416015625,177.02102661132812,1.0773022174835205,92.8463134765625
52.357032775878906,253.34226989746094,11.95068359375,177.018310546875,1.0809307098388672,92.85198974609375
52.33980178833008,253.3690185546875,11.928618431091309,177.0159454345703,1.0818694829940796,92.85826873779297
52.32906723022461,253.38894653320312,11.915939331054688,177.0147705078125,1.0813008546829224,92.86205291748047
52.318260192871094,253.41180419921875,11.903495788574219,177.01368713378906,1.079912781715393,92.86585235595703
52.307586669921875,253.43800354003906,11.891324043273926,177.01266479492188,1.0776323080062866,92.86966705322266
52.28568649291992,253.5001678466797,11.86679744720459,177.0106201171875,1.070849061012268,92.8775634765625
52.274627685546875,253.53590393066406,11.854476928710938,177.0095977783203,1.066414713859558,92.88159942626953
52.265071868896484,253.56930541992188,11.843718528747559,177.0087127685547,1.0620014667510986,92.88513946533203
52.24909210205078,253.631591796875,11.825315475463867,177.0071563720703,1.0532186031341553,92.8912124633789
52.2400016784668,253.6730499267578,11.81362247467041,177.00599670410156,1.0471256971359253,92.89490509033203
52.22480010986328,253.7347412109375,11.797430992126465,177.00466918945312,1.0380843877792358,92.90016174316406
52.205078125,253.80184936523438,11.779902458190918,177.00360107421875,1.0287106037139893,92.90581512451172
52.19276809692383,253.8328094482422,11.771507263183594,177.00341796875,1.0248311758041382,92.90858459472656
52.18058776855469,253.8583221435547,11.76452350616455,177.0035400390625,1.0218942165374756,92.9109115600586
52.16718292236328,253.88194274902344,11.75806713104248,177.0038299560547,1.0194289684295654,92.91317749023438
52.144046783447266,253.91961669921875,11.745887756347656,177.00401306152344,1.0164376497268677,92.91704559326172
52.12714767456055,253.94589233398438,11.733893394470215,177.0032501220703,1.0157837867736816,92.92021942138672
52.1187629699707,253.95852661132812,11.725851058959961,177.00225830078125,1.0163742303848267,92.92205047607422
52.11107635498047,253.97970581054688,11.708972930908203,176.99893188476562,1.0179167985916138,92.92535400390625
52.110538482666016,253.98924255371094,11.699378967285156,176.99656677246094,1.0190309286117554,92.92700958251953
52.11170959472656,253.99777221679688,11.689165115356445,176.99378967285156,1.0204870700836182,92.92872619628906
52.11322021484375,254.0067596435547,11.678692817687988,176.9909210205078,1.0218318700790405,92.93055725097656
52.11485290527344,254.01620483398438,11.668292999267578,176.98805236816406,1.0230700969696045,92.93247985839844
52.116634368896484,254.0257568359375,11.657805442810059,176.98516845703125,1.0242233276367188,92.93445587158203
52.118492126464844,254.03543090820312,11.647344589233398,176.98228454589844,1.0252926349639893,92.93653106689453
52.11933517456055,254.0469970703125,11.635805130004883,176.9792938232422,1.026318073272705,92.93896484375
52.11745071411133,254.05850219726562,11.626368522644043,176.97718811035156,1.026923418045044,92.94124603271484
52.11322784423828,254.07131958007812,11.617440223693848,176.9755401611328,1.0272061824798584,92.94363403320312
52.10771179199219,254.08642578125,11.608284950256348,176.9740753173828,1.0270072221755981,92.9462661743164
52.101131439208984,254.10389709472656,11.598888397216797,176.9727325439453,1.0262945890426636,92.94910430908203
52.09360885620117,254.1240997314453,11.589344024658203,176.97154235839844,1.024956226348877,92.95216369628906
52.07925796508789,254.16818237304688,11.572153091430664,176.9697723388672,1.0204133987426758,92.95791625976562
52.06463623046875,254.22288513183594,11.554078102111816,176.9681396484375,1.0132265090942383,92.96412658691406
52.05729293823242,254.26055908203125,11.541499137878418,176.96669006347656,1.0079820156097412,92.96826171875
52.04894256591797,254.3318634033203,11.517223358154297,176.9632110595703,0.9975878000259399,92.97582244873047
52.04640197753906,254.369873046875,11.50430679321289,176.96115112304688,0.9918248057365417,92.97970581054688
52.04243850708008,254.4405975341797,11.481151580810547,176.95750427246094,0.980747640132904,92.9866714477539
52.0357780456543,254.51377868652344,11.459498405456543,176.95462036132812,0.9688623547554016,92.99358367919922
52.020599365234375,254.62179565429688,11.431336402893066,176.9519805908203,0.9508156180381775,93.00341796875
51.99501037597656,254.75039672851562,11.401049613952637,176.95053100585938,0.9291029572486877,93.01483917236328
51.97565841674805,254.82669067382812,11.384117126464844,176.950439453125,0.9163174033164978,93.0216064453125
51.95291519165039,254.89596557617188,11.369397163391113,176.95114135742188,0.9049887657165527,93.02789306640625
51.926578521728516,254.95631408691406,11.357497215270996,176.95277404785156,0.8954998254776001,93.03348541259766
51.89704132080078,255.00941467285156,11.347149848937988,176.9550018310547,0.8877019882202148,93.0386962890625
51.869895935058594,255.0469970703125,11.339099884033203,176.95716857910156,0.8829630017280579,93.04280853271484
51.85609817504883,255.0615997314453,11.334721565246582,176.9581756591797,0.8817771673202515,93.04476928710938
51.83531951904297,255.07440185546875,11.327898025512695,176.95938110351562,0.8824625611305237,93.04743957519531
51.81833267211914,255.073974609375,11.321892738342285,176.96002197265625,0.8859880566596985,93.04930877685547
51.80552291870117,255.06491088867188,11.315847396850586,176.9598846435547,0.8913959264755249,93.05067443847656
51.79989242553711,255.05612182617188,11.311558723449707,176.95928955078125,0.8955625891685486,93.0514144897461
51.7947883605957,255.03643798828125,11.303483963012695,176.95742797851562,0.9036616683006287,93.05241394042969
51.7934684753418,255.0255584716797,11.298704147338867,176.9561004638672,0.9081029891967773,93.052978515625
51.792755126953125,255.0149688720703,11.293497085571289,176.95460510253906,0.9125034809112549,93.0535659790039
51.79228591918945,255.00547790527344,11.288042068481445,176.95297241210938,0.9166576266288757,93.05428314208984
51.7917594909668,254.9967803955078,11.281636238098145,176.9510955810547,0.9209095239639282,93.05522155761719
51.790611267089844,254.99105834960938,11.276008605957031,176.949462890625,0.9242199063301086,93.0561752319336
51.78860855102539,254.98741149902344,11.270540237426758,176.947998046875,0.9270281791687012,93.05722045898438
51.78472900390625,254.98561096191406,11.263908386230469,176.9463653564453,0.9298703670501709,93.05870056152344
51.77516555786133,254.9893341064453,11.254095077514648,176.9442901611328,0.9328126311302185,93.06137084960938
51.76629638671875,254.9939727783203,11.250042915344238,176.9440460205078,0.9336289167404175,93.06290435791016
51.753658294677734,254.9996337890625,11.246748924255371,176.94451904296875,0.9341511130332947,93.06458282470703
51.73573303222656,255.00584411621094,11.244110107421875,176.94589233398438,0.9347168207168579,93.06653594970703
51.71674728393555,255.01007080078125,11.242429733276367,176.94775390625,0.9354778528213501,93.06828308105469
51.69507598876953,255.01324462890625,11.241384506225586,176.95022583007812,0.9364478588104248,93.070068359375
51.670589447021484,255.0154571533203,11.241022109985352,176.9533233642578,0.9376363158226013,93.07188415527344
51.639732360839844,255.0165557861328,11.241218566894531,176.95751953125,0.9392650127410889,93.073974609375
51.582576751708984,255.0153045654297,11.242643356323242,176.96572875976562,0.9426843523979187,93.07755279541016
51.5305061340332,255.01097106933594,11.24245834350586,176.97299194335938,0.9466651082038879,93.08106994628906
51.4818115234375,255.00636291503906,11.239992141723633,176.97946166992188,0.9507347941398621,93.08475494384766
51.455387115478516,255.0041961669922,11.237615585327148,176.98280334472656,0.9529622793197632,93.08695220947266
51.39599609375,255.00299072265625,11.225517272949219,176.98887634277344,0.9581550359725952,93.09324645996094
51.381507873535156,255.00462341308594,11.218708038330078,176.98947143554688,0.9595995545387268,93.0955581665039
51.37086868286133,255.00765991210938,11.210711479187012,176.9892578125,0.9607080817222595,93.09789276123047
51.35918045043945,255.01473999023438,11.195236206054688,176.9874267578125,0.9621862769126892,93.10183715820312
51.35562515258789,255.01914978027344,11.186209678649902,176.98582458496094,0.9628499746322632,93.10391998291016
51.35216522216797,255.02357482910156,11.17772388458252,176.9842529296875,0.9634205102920532,93.10591888427734
51.33951950073242,255.03062438964844,11.163572311401367,176.98239135742188,0.9648772478103638,93.10964965820312
51.32426071166992,255.03358459472656,11.155340194702148,176.98219299316406,0.9664525985717773,93.1123275756836
51.30756378173828,255.03359985351562,11.149025917053223,176.98255920410156,0.9685822129249573,93.11467742919922
51.29119110107422,255.02931213378906,11.143999099731445,176.98316955566406,0.9715204834938049,93.11664581298828
51.274757385253906,255.01937866210938,11.139246940612793,176.98379516601562,0.9757875204086304,93.11842346191406
51.267276763916016,255.01206970214844,11.135403633117676,176.9836883544922,0.9786800146102905,93.11946105957031
51.26015090942383,255.0012969970703,11.127715110778809,176.9825897216797,0.9831573963165283,93.12110900878906
51.258628845214844,254.99575805664062,11.122285842895508,176.98146057128906,0.9856095314025879,93.12202453613281
51.25889205932617,254.99082946777344,11.116180419921875,176.97994995117188,0.9879563450813293,93.1229476928711
51.26082229614258,254.98646545410156,11.109431266784668,176.97811889648438,0.9902234673500061,93.1238784790039
51.26752853393555,254.98056030273438,11.095955848693848,176.97412109375,0.9939109086990356,93.1255874633789
51.273929595947266,254.98068237304688,11.086126327514648,176.97108459472656,0.9954675436019897,93.1268539428711
51.2839469909668,254.988525390625,11.070566177368164,176.96640014648438,0.9961259961128235,93.1290054321289
51.28679656982422,255.0049285888672,11.05709171295166,176.9633331298828,0.9947790503501892,93.13143157958984
51.284454345703125,255.01992797851562,11.049102783203125,176.96221923828125,0.992968738079071,93.13323211669922
51.279563903808594,255.03526306152344,11.04242992401123,176.9617462158203,0.9909449815750122,93.1349868774414
51.27188491821289,255.05279541015625,11.036260604858398,176.9618377685547,0.9884610176086426,93.13689422607422
51.26095199584961,255.0732421875,11.030597686767578,176.9625701904297,0.9853267073631287,93.13902282714844
51.24262237548828,255.103271484375,11.024341583251953,176.96438598632812,0.980453610420227,93.14198303222656
51.22426986694336,255.13070678710938,11.020003318786621,176.96653747558594,0.9758208394050598,93.14458465576172
51.203208923339844,255.15878295898438,11.016141891479492,176.96925354003906,0.9710592031478882,93.14730072021484
51.17706298828125,255.18963623046875,11.012271881103516,176.97271728515625,0.9659351706504822,93.15045166015625
51.15169143676758,255.21617126464844,11.009202003479004,176.97618103027344,0.9616411328315735,93.1533432006836
51.12424087524414,255.24192810058594,11.006487846374512,176.98004150390625,0.9575942158699036,93.15632629394531
51.09477615356445,255.26687622070312,11.00403881072998,176.9842529296875,0.9537761807441711,93.15937805175781
51.04108810424805,255.306884765625,11.000255584716797,176.9919891357422,0.9480381608009338,93.16475677490234
51.00838088989258,255.32797241210938,10.997593879699707,176.99659729003906,0.945426881313324,93.1680679321289
50.97785949707031,255.3447265625,10.994592666625977,177.00079345703125,0.9438494443893433,93.17118835449219
50.9501838684082,255.35696411132812,10.990989685058594,177.00436401367188,0.9433494806289673,93.17418670654297
50.92836380004883,255.3648223876953,10.986994743347168,177.00692749023438,0.9436640739440918,93.1767578125
50.89690399169922,255.37188720703125,10.97829532623291,177.00991821289062,0.9459099173545837,93.18112182617188
50.87761688232422,255.37355041503906,10.966939926147461,177.0103302001953,0.9494856595993042,93.18523406982422
50.86954879760742,255.3739471435547,10.96015453338623,177.01007080078125,0.9516247510910034,93.18743896484375
50.85726547241211,255.37405395507812,10.946934700012207,177.00901794433594,0.9559006690979004,93.19153594970703
50.85237503051758,255.3750762939453,10.94045639038086,177.00831604003906,0.957750678062439,93.19348907470703
50.84407424926758,255.38140869140625,10.928041458129883,177.00682067871094,0.9602245092391968,93.19727325439453
50.8367805480957,255.39080810546875,10.916096687316895,177.00534057617188,0.9616882801055908,93.20081329345703
50.82401657104492,255.40562438964844,10.899327278137207,177.00379943847656,0.963507890701294,93.2057113647461
50.81336975097656,255.41641235351562,10.888246536254883,177.00320434570312,0.9645842909812927,93.20890808105469
50.806907653808594,255.4218292236328,10.882899284362793,177.00315856933594,0.9651630520820618,93.21046447753906
50.79998779296875,255.4261016845703,10.877713203430176,177.0032196044922,0.9659790396690369,93.21189880371094
50.792633056640625,255.42919921875,10.872835159301758,177.00340270996094,0.9670326113700867,93.2132339477539
50.78485870361328,255.43116760253906,10.868185043334961,177.00369262695312,0.968331515789032,93.21442413330078
50.77653503417969,255.4322967529297,10.863920211791992,177.00416564941406,0.9697883725166321,93.2154769897461
50.75330352783203,255.43211364746094,10.855254173278809,177.0060577392578,0.9739007949829102,93.2175521850586
50.7297477722168,255.4281768798828,10.849815368652344,177.00865173339844,0.9782475829124451,93.21867370605469
50.70973205566406,255.42445373535156,10.846939086914062,177.01121520996094,0.9816407561302185,93.21923065185547
50.697669982910156,255.42431640625,10.845322608947754,177.01283264160156,0.9831280708312988,93.21952819824219
50.6761360168457,255.42922973632812,10.841808319091797,177.01565551757812,0.9846407175064087,93.22029113769531
50.65410232543945,255.44097900390625,10.837127685546875,177.0184326171875,0.9847565293312073,93.22140502929688
50.62992477416992,255.46124267578125,10.831059455871582,177.0214080810547,0.9832561016082764,93.22296142578125
50.61680603027344,255.4752655029297,10.827324867248535,177.02297973632812,0.9817901849746704,93.22395324707031
50.60340881347656,255.49118041992188,10.82330322265625,177.0245819091797,0.9799366593360901,93.22503662109375
50.58933639526367,255.50767517089844,10.819266319274902,177.02630615234375,0.9779497981071472,93.22621154785156
50.57455062866211,255.5244903564453,10.815274238586426,177.02816772460938,0.9759263396263123,93.22748565673828
50.556968688964844,255.54222106933594,10.810905456542969,177.03042602539062,0.9739223122596741,93.2289810180664
50.53858184814453,255.55653381347656,10.806937217712402,177.03289794921875,0.9726577997207642,93.23045349121094
50.52146530151367,255.5662078857422,10.803757667541504,177.0352783203125,0.972196102142334,93.23171997070312
50.50376510620117,255.57318115234375,10.801009178161621,177.03778076171875,0.9723104238510132,93.23299407958984
50.4642219543457,255.5786590576172,10.796186447143555,177.04359436035156,0.9746036529541016,93.23561096191406
50.44696044921875,255.57766723632812,10.793670654296875,177.04603576660156,0.9764820337295532,93.23678588867188
50.431480407714844,255.57568359375,10.790520668029785,177.0480499267578,0.9786280989646912,93.23796844482422
50.4170036315918,255.5742950439453,10.787004470825195,177.0498504638672,0.9806430339813232,93.2391586303711
50.40377426147461,255.5745086669922,10.783013343811035,177.0513916015625,0.9823011755943298,93.24036407470703
50.391937255859375,255.57728576660156,10.778335571289062,177.05259704589844,0.9834051132202148,93.24162292480469
50.381526947021484,255.58322143554688,10.773052215576172,177.05345153808594,0.9838154315948486,93.24293518066406
50.36635971069336,255.60385131835938,10.761297225952148,177.0541229248047,0.982498824596405,93.2454833984375
50.3567008972168,255.63380432128906,10.748434066772461,177.05374145507812,0.9789304733276367,93.24794006347656
50.349727630615234,255.67453002929688,10.733410835266113,177.05258178710938,0.9732332229614258,93.25067138671875
50.34739303588867,255.69955444335938,10.724993705749512,177.05169677734375,0.9694538116455078,93.25211334228516
50.34562683105469,255.7290802001953,10.71560001373291,177.05056762695312,0.9648421406745911,93.25373840332031
50.34443664550781,255.75616455078125,10.707361221313477,177.049560546875,0.960473895072937,93.2551498413086
50.34241485595703,255.78302001953125,10.699618339538574,177.04873657226562,0.9561489224433899,93.25656127929688
50.33942794799805,255.81187438964844,10.691351890563965,177.04800415039062,0.9515820741653442,93.25811004638672
50.332496643066406,255.85678100585938,10.678465843200684,177.04722595214844,0.9446779489517212,93.26065063476562
50.32701110839844,255.8796844482422,10.672501564025879,177.0471954345703,0.9412031769752502,93.26201629638672
50.31991958618164,255.90159606933594,10.667290687561035,177.0475616455078,0.9379196763038635,93.26338958740234
50.31106948852539,255.9222412109375,10.662981986999512,177.04837036132812,0.9348521828651428,93.26469421386719
50.300662994384766,255.9419403076172,10.65942668914795,177.049560546875,0.9319428205490112,93.26593017578125
50.28875732421875,255.960693359375,10.656682014465332,177.0511474609375,0.92917799949646,93.26708221435547
50.27349853515625,255.98069763183594,10.654467582702637,177.0534210205078,0.9262627959251404,93.26829528808594
50.25636672973633,255.9993896484375,10.653264999389648,177.05618286132812,0.9235289692878723,93.26945495605469
50.2396125793457,256.0150146484375,10.653055191040039,177.05902099609375,0.921244740486145,93.27042388916016
50.222373962402344,256.0299072265625,10.65327262878418,177.0620574951172,0.9191052913665771,93.2713394165039
50.1942024230957,256.05450439453125,10.653453826904297,177.0670623779297,0.9156659245491028,93.2728500366211
50.168739318847656,256.077392578125,10.653297424316406,177.07162475585938,0.9126104116439819,93.27424621582031
50.1555061340332,256.0898742675781,10.653118133544922,177.0740203857422,0.9109942317008972,93.27497863769531
50.14394760131836,256.1026916503906,10.652334213256836,177.07606506347656,0.9093427062034607,93.27577209472656
50.134864807128906,256.115966796875,10.650713920593262,177.07757568359375,0.9076382517814636,93.27656555175781
50.12352752685547,256.1453857421875,10.644302368164062,177.0790252685547,0.9039709568023682,93.27838134765625
50.12173843383789,256.1597900390625,10.64000129699707,177.0789337158203,0.9022130370140076,93.27928161621094
50.12067413330078,256.1741027832031,10.635250091552734,177.0786895751953,0.9004889726638794,93.28025817871094
50.119911193847656,256.1885681152344,10.630145072937012,177.07835388183594,0.8987231254577637,93.28136444091797
50.11944580078125,256.20343017578125,10.624700546264648,177.0779266357422,0.8968956470489502,93.2826156616211
50.1192626953125,256.21856689453125,10.61884880065918,177.07740783691406,0.8950119614601135,93.28402709960938
50.118141174316406,256.2337951660156,10.613079071044922,177.0770721435547,0.8930822610855103,93.28555297851562
50.11484146118164,256.2489318847656,10.607784271240234,177.07716369628906,0.8911191821098328,93.28718566894531
50.10196304321289,256.27899169921875,10.598736763000488,177.07867431640625,0.887090802192688,93.29085540771484
50.08370590209961,256.3064270019531,10.592379570007324,177.08140563964844,0.8831598162651062,93.29446411132812
50.059268951416016,256.33734130859375,10.587342262268066,177.08544921875,0.8782656192779541,93.29844665527344
50.04269027709961,256.3546447753906,10.585430145263672,177.0883331298828,0.8754594922065735,93.30082702636719
50.02320861816406,256.37347412109375,10.583895683288574,177.0918426513672,0.8723839521408081,93.3034439086914
49.99138259887695,256.4032287597656,10.581854820251465,177.09762573242188,0.8675188422203064,93.30760955810547
49.95433044433594,256.4366149902344,10.580485343933105,177.10452270507812,0.8620914220809937,93.31222534179688
49.93864059448242,256.4500732421875,10.580138206481934,177.10751342773438,0.8599436283111572,93.3141098022461
49.90658950805664,256.4772033691406,10.578594207763672,177.113525390625,0.8561217188835144,93.31819915771484
49.897151947021484,256.48541259765625,10.577458381652832,177.115234375,0.8552267551422119,93.31954193115234
49.881065368652344,256.50347900390625,10.572056770324707,177.11770629882812,0.8538654446601868,93.32261657714844
49.876861572265625,256.5191955566406,10.564387321472168,177.1176300048828,0.8528323173522949,93.32483673095703
49.877532958984375,256.5279846191406,10.559298515319824,177.11688232421875,0.8522683382034302,93.32592010498047
49.8795280456543,256.5415344238281,10.551186561584473,177.11553955078125,0.8514171838760376,93.32758331298828
49.88283920288086,256.5553894042969,10.54084587097168,177.11370849609375,0.8510973453521729,93.32975769042969
49.8833122253418,256.5577392578125,10.537705421447754,177.11326599121094,0.8515394926071167,93.33055877685547
49.88214874267578,256.5589294433594,10.535418510437012,177.11326599121094,0.8521190881729126,93.33138275146484
49.87428283691406,256.55755615234375,10.533388137817383,177.11465454101562,0.8538111448287964,93.33321380615234
49.86822509765625,256.5551452636719,10.533706665039062,177.11595153808594,0.8548262119293213,93.33409881591797
49.85602569580078,256.5489501953125,10.535194396972656,177.11871337890625,0.8567963242530823,93.3355941772461
49.83583450317383,256.5370788574219,10.538545608520508,177.12356567382812,0.8598808646202087,93.33770751953125
49.82744216918945,256.5330505371094,10.539650917053223,177.12557983398438,0.8609346151351929,93.33858489990234
49.820037841796875,256.5293884277344,10.540225982666016,177.1273651123047,0.8619369864463806,93.33942413330078
49.81336212158203,256.52545166015625,10.540085792541504,177.1290283203125,0.8630459308624268,93.3403091430664
49.80947494506836,256.5219421386719,10.538900375366211,177.1300506591797,0.8641230463981628,93.34102630615234
49.80756378173828,256.51898193359375,10.53680419921875,177.13059997558594,0.8650962710380554,93.34176635742188
49.80759048461914,256.5168762207031,10.533726692199707,177.13075256347656,0.8659141063690186,93.34256744384766
49.811668395996094,256.5146789550781,10.526617050170898,177.13009643554688,0.8670106530189514,93.34394073486328
49.811668395996094,256.5146789550781,10.526617050170898,177.13009643554688,0.8670106530189514,93.34394073486328
49.811668395996094,256.5146789550781,10.526617050170898,177.13009643554688,0.8670106530189514,93.34394073486328
49.811668395996094,256.5146789550781,10.526617050170898,177.13009643554688,0.8670106530189514,93.34394073486328
49.81392288208008,256.5312194824219,10.51075267791748,177.13221740722656,0.8699880242347717,93.33985137939453
49.81525421142578,256.5309753417969,10.51075267791748,177.1322021484375,0.8699914216995239,93.33956146240234
49.815711975097656,256.5308837890625,10.51075267791748,177.1322021484375,0.8699905276298523,93.33944702148438
49.81618881225586,256.5307922363281,10.51075267791748,177.13221740722656,0.8699873089790344,93.33932495117188
49.816341400146484,256.5307922363281,10.51069164276123,177.13221740722656,0.8699979782104492,93.33930969238281
49.81654357910156,256.53076171875,10.51075267791748,177.1322021484375,0.8699818849563599,93.33927917480469
49.816741943359375,256.53070068359375,10.51069164276123,177.13221740722656,0.8699980974197388,93.33921813964844
49.8167839050293,256.53070068359375,10.51075267791748,177.1322021484375,0.8699904680252075,93.3392105102539
49.81687545776367,256.5306701660156,10.51069164276123,177.13221740722656,0.8700003623962402,93.33918762207031
49.81692123413086,256.5306701660156,10.510696411132812,177.13223266601562,0.8700100779533386,93.33915710449219
49.81706237792969,256.5306701660156,10.51075267791748,177.1322021484375,0.8699904680252075,93.33914947509766
49.817108154296875,256.5306396484375,10.51069164276123,177.13221740722656,0.8699972033500671,93.33911895751953
49.817230224609375,256.5306091308594,10.51075267791748,177.13221740722656,0.8700000643730164,93.3390884399414
49.81732177734375,256.5306091308594,10.51075267791748,177.13221740722656,0.8699873089790344,93.33907318115234
49.81732177734375,256.5306091308594,10.51069164276123,177.13221740722656,0.8699981570243835,93.3390884399414
49.817501068115234,256.5305480957031,10.510696411132812,177.13223266601562,0.8700099587440491,93.33902740478516
49.81751251220703,256.530517578125,10.510696411132812,177.13221740722656,0.8700243830680847,93.33903503417969
49.81756591796875,256.5305480957031,10.51069164276123,177.13221740722656,0.869998037815094,93.33903503417969
49.817626953125,256.530517578125,10.510696411132812,177.13223266601562,0.8700107932090759,93.33901977539062
49.817626953125,256.530517578125,10.510696411132812,177.13223266601562,0.8700107932090759,93.33901977539062
49.81768798828125,256.530517578125,10.510696411132812,177.13223266601562,0.8700100183486938,93.3389892578125
49.817718505859375,256.5304870605469,10.510696411132812,177.13223266601562,0.8700100183486938,93.33898162841797
49.81777572631836,256.5304870605469,10.510696411132812,177.13223266601562,0.8700109124183655,93.33898162841797
49.81777572631836,256.5304870605469,10.510757446289062,177.13223266601562,0.870012104511261,93.33898162841797
49.817806243896484,256.5304870605469,10.510696411132812,177.13223266601562,0.8700100183486938,93.33895874023438
49.81779861450195,256.5304260253906,10.510726928710938,177.13223266601562,0.8700219988822937,93.33897399902344
49.81789779663086,256.53045654296875,10.510696411132812,177.13223266601562,0.8700211048126221,93.33894348144531
49.817901611328125,256.53045654296875,10.510696411132812,177.13223266601562,0.8700098991394043,93.33894348144531
49.817962646484375,256.53045654296875,10.510696411132812,177.13223266601562,0.8700099587440491,93.33892822265625
49.817962646484375,256.5304260253906,10.510696411132812,177.13223266601562,0.8700211048126221,93.33892822265625
49.81805419921875,256.5304260253906,10.510696411132812,177.13223266601562,0.8700108528137207,93.33892059326172
49.81805419921875,256.5304260253906,10.510696411132812,177.13223266601562,0.8700108528137207,93.33892059326172
49.81814193725586,256.5303955078125,10.510696411132812,177.13223266601562,0.8700211048126221,93.3388900756836
49.81814193725586,256.5303955078125,10.510696411132812,177.13223266601562,0.8700218796730042,93.33889770507812
49.818145751953125,256.5304260253906,10.510696411132812,177.13223266601562,0.8700107932090759,93.33889770507812
49.81817626953125,256.5304260253906,10.510696411132812,177.13223266601562,0.8700109124183655,93.3388900756836
49.81817626953125,256.5304260253906,10.510696411132812,177.13223266601562,0.8700100779533386,93.33888244628906
49.81817626953125,256.5303955078125,10.510696411132812,177.13223266601562,0.8700211048126221,93.33888244628906
49.818233489990234,256.5303955078125,10.510696411132812,177.13223266601562,0.8700211644172668,93.3388671875
49.818260192871094,256.5303649902344,10.510643005371094,177.13223266601562,0.870034396648407,93.33887481689453
49.81826400756836,256.5303955078125,10.510638236999512,177.13223266601562,0.8700215816497803,93.33888244628906
49.81831359863281,256.5303039550781,10.510643005371094,177.13223266601562,0.8700336217880249,93.3388442993164
49.81832504272461,256.5303649902344,10.510696411132812,177.13223266601562,0.8700211048126221,93.3388442993164
49.81832504272461,256.5303649902344,10.510696411132812,177.13223266601562,0.8700220584869385,93.33885955810547
49.81832504272461,256.5303649902344,10.510643005371094,177.13223266601562,0.8700336217880249,93.3388442993164
49.81840896606445,256.5303039550781,10.510612487792969,177.13223266601562,0.8700428009033203,93.33883666992188
49.81842041015625,256.53033447265625,10.510696411132812,177.13223266601562,0.8700211048126221,93.33882904052734
49.81849670410156,256.5302429199219,10.510643005371094,177.13223266601562,0.8700344562530518,93.33882141113281
49.818504333496094,256.5303039550781,10.510726928710938,177.13223266601562,0.8700219988822937,93.33882141113281
49.818504333496094,256.5303039550781,10.510643005371094,177.13223266601562,0.8700344562530518,93.33882141113281
49.8184928894043,256.5302429199219,10.510638236999512,177.13223266601562,0.8700430989265442,93.33880615234375
49.818538665771484,256.53033447265625,10.510696411132812,177.13223266601562,0.8700220584869385,93.33881378173828
49.818538665771484,256.53033447265625,10.510696411132812,177.13223266601562,0.8700220584869385,93.33881378173828
49.818538665771484,256.5303039550781,10.510643005371094,177.13223266601562,0.8700344562530518,93.33881378173828
49.818599700927734,256.5303039550781,10.510696411132812,177.13223266601562,0.8700314164161682,93.33879852294922
49.818599700927734,256.5303039550781,10.510643005371094,177.13223266601562,0.8700343370437622,93.33879852294922
49.818599700927734,256.5303039550781,10.510696411132812,177.13223266601562,0.8700306415557861,93.33878326416016
49.81858825683594,256.53021240234375,10.510638236999512,177.13223266601562,0.8700430393218994,93.33878326416016
49.81861877441406,256.53021240234375,10.510638236999512,177.13223266601562,0.870043933391571,93.33879089355469
49.81867599487305,256.53021240234375,10.510638236999512,177.13223266601562,0.8700430393218994,93.33876037597656
49.81861877441406,256.5302429199219,10.510643005371094,177.13223266601562,0.870034396648407,93.33879089355469
49.81867980957031,256.5302429199219,10.510612487792969,177.13223266601562,0.8700522780418396,93.33877563476562
49.81869125366211,256.5302734375,10.510696411132812,177.13223266601562,0.8700305819511414,93.33876037597656
49.81867218017578,256.5301818847656,10.510668754577637,177.13223266601562,0.8700430393218994,93.33876037597656
49.81870651245117,256.53021240234375,10.510638236999512,177.13223266601562,0.8700430393218994,93.33876037597656
49.81884765625,256.5302734375,10.510696411132812,177.13223266601562,0.8700220584869385,93.3387451171875
49.81883239746094,256.5301818847656,10.510638236999512,177.13223266601562,0.8700430393218994,93.33872985839844
49.818721771240234,256.5302734375,10.510696411132812,177.13223266601562,0.8700314164161682,93.3387680053711
49.81889724731445,256.5301818847656,10.510612487792969,177.13223266601562,0.8700514435768127,93.33871459960938
49.81891632080078,256.5301208496094,10.510668754577637,177.13223266601562,0.8700430393218994,93.33870697021484
49.818843841552734,256.5302429199219,10.510638236999512,177.13223266601562,0.8700430393218994,93.33872985839844
49.818931579589844,256.53021240234375,10.510696411132812,177.13223266601562,0.8700409531593323,93.3387222290039
49.8189811706543,256.5301513671875,10.510638236999512,177.13223266601562,0.8700430989265442,93.33869934082031
49.81892395019531,256.5301818847656,10.510612487792969,177.13223266601562,0.87005215883255,93.3387222290039
49.81892395019531,256.5301818847656,10.510612487792969,177.13223266601562,0.870051383972168,93.33870697021484
49.81911087036133,256.5301513671875,10.510612487792969,177.13223266601562,0.8700522780418396,93.33868408203125
49.81899642944336,256.5302429199219,10.510696411132812,177.13223266601562,0.8700219392776489,93.33870697021484
49.81907272338867,256.53009033203125,10.510574340820312,177.13223266601562,0.8700622916221619,93.33869171142578
49.819087982177734,256.53021240234375,10.510696411132812,177.13223266601562,0.870031476020813,93.33869171142578
49.81907653808594,256.5301208496094,10.510638236999512,177.13223266601562,0.870043933391571,93.33869171142578
49.8190803527832,256.5301513671875,10.510612487792969,177.13223266601562,0.8700522780418396,93.33869171142578
49.81910705566406,256.5301208496094,10.510638236999512,177.13223266601562,0.870043933391571,93.33868408203125
49.81910705566406,256.5301208496094,10.510574340820312,177.13223266601562,0.8700622320175171,93.33868408203125
49.81911849975586,256.5301818847656,10.510638236999512,177.13223266601562,0.870043933391571,93.33868408203125
49.8190803527832,256.5301513671875,10.510612487792969,177.13223266601562,0.8700418472290039,93.33867645263672
49.81911087036133,256.5301513671875,10.510612487792969,177.13223266601562,0.870051383972168,93.33866882324219
49.81910705566406,256.5301208496094,10.510638236999512,177.13223266601562,0.870043933391571,93.33868408203125
49.81911849975586,256.5301818847656,10.510638236999512,177.13223266601562,0.870043933391571,93.33868408203125
49.81910705566406,256.5301208496094,10.510638236999512,177.13223266601562,0.870043933391571,93.33868408203125
49.81910705566406,256.5301208496094,10.510638236999512,177.13223266601562,0.8700535297393799,93.33868408203125
49.81911087036133,256.5301208496094,10.510607719421387,177.13223266601562,0.8700608611106873,93.33866882324219
49.819122314453125,256.53021240234375,10.510696411132812,177.13223266601562,0.8700314164161682,93.33868408203125
49.81916427612305,256.5301208496094,10.510638236999512,177.13223266601562,0.8700438737869263,93.33866882324219
49.81917953491211,256.5301818847656,10.510696411132812,177.13223266601562,0.8700306415557861,93.33865356445312
49.81911087036133,256.5301513671875,10.510612487792969,177.13223266601562,0.8700522780418396,93.33868408203125
49.819175720214844,256.5301818847656,10.510696411132812,177.13223266601562,0.8700409531593323,93.33866882324219
49.81911087036133,256.5301513671875,10.510612487792969,177.13223266601562,0.870051383972168,93.33866882324219
